{
  "gadmToGoogle": {
    "Lu'an": "Lu'An",
    "Guangdong": "Guangdong Province",
    "QianxinanBuyeiandMiao": "Qianxinan Buyei and Miao Autonomous Prefecture",
    "HongKong": "Hong Kong Island",
    "EnshiTujiaandMiao": "Enshi City",
    "Wuhan": "Wu Han Shi",
    "Changsha": "Chang Sha Shi",
    "Changzhou": "Wuxi",
    "Huai'an": "Huaian",
    "Suzhou": "Su Zhou Shi",
    "Ordos": "Ordos City",
    "Xing'an": "Hinggan League",
    "NingxiaHui": "Ningxia",
    "GologTibetan": "Golog Tibetan Autonomous Prefecture",
    "HuangnanTibetan": "Huangnan Tibetan Autonomous Prefecture",
    "Xi'an": "Xi'An",
    "Laiwu": "Jinan",
    "Tai'an": "Taian",
    "Shanghai": "Shang Hai Shi",
    "Altay": "Altay Prefecture",
    "ChuxiongYi": "Chuxiong Yi Autonomous Prefecture",
    "Autauga": "Autauga County",
    "Baldwin": "Baldwin County",
    "Butler": "Butler County",
    "Choctaw": "Choctaw County",
    "Colbert": "Colbert County",
    "Cullman": "Cullman County",
    "Escambia": "Escambia County",
    "Greene": "Greene County",
    "Jefferson": "Jefferson County",
    "Limestone": "Limestone County",
    "Marion": "Marion County",
    "Morgan": "Madison County",
    "Russell": "Russell County",
    "Tallapoosa": "Tallapoosa County",
    "Winston": "Winston County",
    "Cochise": "Cochise County",
    "LaPaz": "La Paz County",
    "Pinal": "Pinal County",
    "Arkansas": "Arkansas County",
    "Ashley": "Ashley County",
    "Calhoun": "Calhoun County",
    "Cleburne": "Cleburne County",
    "Crawford": "Crawford County",
    "Drew": "Drew County",
    "Grant": "Grant County",
    "Independence": "Independence County",
    "Lafayette": "Miller County",
    "Logan": "Logan County",
    "Mississippi": "Mississippi County",
    "Ouachita": "Ouachita Parish",
    "Polk": "Polk County",
    "SaintFrancis": "St. Francis County",
    "Sevier": "Sevier County",
    "Washington": "Washington County",
    "Alameda": "Alameda County",
    "Alpine": "Alpine County",
    "ContraCosta": "Contra Costa County",
    "Humboldt": "Humboldt County",
    "Lake": "Lake County",
    "Mariposa": "Mariposa County",
    "Monterey": "Monterey County",
    "Plumas": "Plumas County",
    "SanDiego": "San Diego County",
    "SantaBarbara": "Santa Barbara County",
    "Siskiyou": "Siskiyou County",
    "Tehama": "Tehama County",
    "Yolo": "Yolo County",
    "Adams": "Adams County",
    "Boulder": "Boulder County",
    "Conejos": "Conejos County",
    "Denver": "Adams County",
    "Elbert": "Elbert County",
    "LasAnimas": "Las Animas County",
    "Moffat": "Moffat County",
    "Ouray": "Ouray County",
    "Pueblo": "Pueblo County",
    "SanJuan": "San Juan County",
    "Fairfield": "Western Connecticut Planning Region",
    "Hartford": "Capitol Planning Region",
    "Tolland": "Capitol Planning Region",
    "Kent": "Kent County",
    "NewCastle": "New Castle County",
    "DistrictofColumbia": "District of Columbia",
    "Alachua": "Alachua County",
    "Baker": "Baker County",
    "Columbia": "Columbia County",
    "Flagler": "Flagler County",
    "Gulf": "Gulf County",
    "Highlands": "Highlands County",
    "Levy": "Levy County",
    "Martin": "Martin County",
    "Okeechobee": "Okeechobee County",
    "Pinellas": "Pinellas County",
    "SantaRosa": "Santa Rosa County",
    "Appling": "Appling County",
    "Atkinson": "Atkinson County",
    "Barrow": "Barrow County",
    "Bleckley": "Bleckley County",
    "Burke": "Burke County",
    "Carroll": "Carroll County",
    "Chattooga": "Chattooga County",
    "Clinch": "Clinch County",
    "Cook": "Cook County",
    "Dawson": "Dawson County",
    "Dougherty": "Dougherty County",
    "Floyd": "Floyd County",
    "Glascock": "Glascock County",
    "Gwinnett": "Gwinnett County",
    "Harris": "Harris County",
    "Irwin": "Irwin County",
    "Jenkins": "Jenkins County",
    "Laurens": "Laurens County",
    "Lowndes": "Lowndes County",
    "McDuffie": "McDuffie County",
    "Monroe": "Monroe County",
    "Newton": "Newton County",
    "Pickens": "Pickens County",
    "Putnam": "Putnam County",
    "Rockdale": "Rockdale County",
    "Stephens": "Stephens County",
    "Tattnall": "Tattnall County",
    "Tift": "Tift County",
    "Turner": "Turner County",
    "Walton": "Walton County",
    "Webster": "Webster County",
    "Wilkes": "Wilkes County",
    "Hawaii": "Hawaii County",
    "Honolulu": "Honolulu County",
    "Ada": "Ada County",
    "Blaine": "Blaine County",
    "Butte": "Custer County",
    "Clark": "Clark County",
    "Fremont": "Fremont County",
    "Jerome": "Jerome County",
    "Lincoln": "Lincoln County",
    "Owyhee": "Owyhee County",
    "TwinFalls": "Twin Falls County",
    "Alexander": "Alexander County",
    "Dupage": "DuPage County",
    "Ford": "Ford County",
    "Grundy": "Grundy County",
    "Henry": "Henry County",
    "Jersey": "Jersey County",
    "Kendall": "Kendall County",
    "Lawrence": "Lawrence County",
    "Macoupin": "Macoupin County",
    "Massac": "Massac County",
    "Mercer": "Mercer County",
    "Ogle": "Ogle County",
    "Pope": "Pope County",
    "RockIsland": "Scott County",
    "Scott": "Scott County",
    "Union": "Union County",
    "Wayne": "Wayne County",
    "Winnebago": "Winnebago County",
    "Allen": "Allen County",
    "Brown": "Brown County",
    "Clinton": "Clinton County",
    "Decatur": "Decatur County",
    "Hendricks": "Hendricks County",
    "Jasper": "Jasper County",
    "Knox": "Knox County",
    "LaPorte": "LaPorte County",
    "Parke": "Parke County",
    "Pulaski": "Pulaski County",
    "SaintJoseph": "St. Joseph County",
    "Steuben": "Steuben County",
    "Warren": "Warren County",
    "White": "White County",
    "Adair": "Adair County",
    "BlackHawk": "Black Hawk County",
    "CerroGordo": "Cerro Gordo County",
    "Clayton": "Clayton County",
    "Emmet": "Emmet County",
    "Hardin": "Hardin County",
    "Ida": "Ida County",
    "Johnson": "Johnson County",
    "Linn": "Linn County",
    "Mahaska": "Mahaska County",
    "Monona": "Monona County",
    "Osceola": "Osceola County",
    "Taylor": "Taylor County",
    "Woodbury": "Woodbury County",
    "Anderson": "Anderson County",
    "Cheyenne": "Cheyenne County",
    "Comanche": "Comanche County",
    "Doniphan": "Doniphan County",
    "Ellsworth": "Ellsworth County",
    "Gove": "Gove County",
    "Greenwood": "Greenwood County",
    "Hodgeman": "Hodgeman County",
    "Kearny": "Kearny County",
    "Leavenworth": "Leavenworth County",
    "Mitchell": "Mitchell County",
    "Neosho": "Neosho County",
    "Ottawa": "Ottawa County",
    "Rawlins": "Rawlins County",
    "Rooks": "Rooks County",
    "Sedgwick": "Sedgwick County",
    "Smith": "Smith County",
    "Thomas": "Thomas County",
    "Wichita": "Wichita County",
    "Bell": "Bell County",
    "Bracken": "Bracken County",
    "Caldwell": "Caldwell County",
    "Carter": "Carter County",
    "Elliott": "Elliott County",
    "Franklin": "Franklin County",
    "Graves": "Graves County",
    "Jessamine": "Jessamine County",
    "Larue": "Nelson County",
    "Letcher": "Letcher County",
    "Lyon": "Lyon County",
    "Meade": "Meade County",
    "Montgomery": "Montgomery County",
    "Ohio": "Ohio County",
    "Perry": "Perry County",
    "Rockcastle": "Rockcastle County",
    "Simpson": "Simpson County",
    "Trimble": "Trimble County",
    "Acadia": "Acadia Parish",
    "Bienville": "Bienville Parish",
    "Cameron": "Cameron County",
    "EastBatonRouge": "East Baton Rouge Parish",
    "JeffersonDavis": "Jefferson Davis Parish",
    "Livingston": "Livingston County",
    "Richland": "Richland Parish",
    "SaintJames": "St. James Parish",
    "SaintTammany": "St. Tammany Parish",
    "Vermilion": "Vermilion Parish",
    "WestCarroll": "West Carroll Parish",
    "Androscoggin": "Androscoggin County",
    "Aroostook": "Aroostook County",
    "Sagadahoc": "Sagadahoc County",
    "Allegany": "Allegany County",
    "AnneArundel": "Anne Arundel County",
    "Cecil": "Cecil County",
    "Harford": "Harford County",
    "QueenAnne's": "Queen Anne's County",
    "Wicomico": "Wicomico County",
    "Barnstable": "Barnstable County",
    "Berkshire": "Berkshire County",
    "Hampden": "Hampden County",
    "Plymouth": "Plymouth County",
    "Alcona": "Alcona County",
    "Alger": "Alger County",
    "Baraga": "Baraga County",
    "Branch": "Branch County",
    "Chippewa": "Chippewa County",
    "Dickinson": "Dickinson County",
    "Gogebic": "Gogebic County",
    "Huron": "Huron County",
    "Isabella": "Isabella County",
    "Keweenaw": "Keweenaw County",
    "Luce": "Luce County",
    "Mason": "Mason County",
    "Oakland": "Oakland County",
    "Oscoda": "Oscoda County",
    "Saginaw": "Saginaw County",
    "Shiawassee": "Shiawassee County",
    "Wexford": "Wexford County",
    "Aitkin": "Aitkin County",
    "Anoka": "Anoka County",
    "BlueEarth": "Nicollet County",
    "Cottonwood": "Cottonwood County",
    "Faribault": "Faribault County",
    "Hennepin": "Hennepin County",
    "Jackson": "Jackson County",
    "LacquiParle": "Lac qui Parle County",
    "McLeod": "McLeod County",
    "Murray": "Murray County",
    "OtterTail": "Otter Tail County",
    "Rice": "Rice County",
    "Sherburne": "Sherburne County",
    "Swift": "Swift County",
    "Waseca": "Waseca County",
    "Wright": "Wright County",
    "Alcorn": "Alcorn County",
    "Clarke": "Clarke County",
    "Desoto": "DeSoto County",
    "Grenada": "Grenada County",
    "Humphreys": "Humphreys County",
    "Lamar": "Lamar County",
    "Leflore": "Leflore County",
    "Marshall": "Marshall County",
    "Noxubee": "Noxubee County",
    "Pike": "Pike County",
    "Sunflower": "Sunflower County",
    "Tunica": "Tunica County",
    "Yazoo": "Yazoo County",
    "Andrew": "Andrew County",
    "Bates": "Bates County",
    "Christian": "Christian County",
    "Cooper": "Cooper County",
    "DeKalb": "DeKalb County",
    "Gasconade": "Gasconade County",
    "Iron": "St. Francois County",
    "Maries": "Maries County",
    "NewMadrid": "New Madrid County",
    "Ozark": "Ozark County",
    "Ralls": "Ralls County",
    "SaintCharles": "St. Charles County",
    "Saline": "Saline County",
    "Shelby": "Shelby County",
    "Texas": "Texas County",
    "Beaverhead": "Beaverhead County",
    "BigHorn": "Big Horn County",
    "Cascade": "Cascade County",
    "Garfield": "Garfield County",
    "Missoula": "Missoula County",
    "Pondera": "Pondera County",
    "SilverBow": "Silver Bow County",
    "Treasure": "Treasure County",
    "Antelope": "Antelope County",
    "BoxButte": "Box Butte County",
    "Dakota": "Dakota County",
    "Dodge": "Dodge County",
    "Frontier": "Frontier County",
    "Gosper": "Gosper County",
    "Harlan": "Harlan County",
    "Howard": "Howard County",
    "KeyaPaha": "Keya Paha County",
    "Morrill": "Morrill County",
    "Pawnee": "Pawnee County",
    "Sarpy": "Sarpy County",
    "Sherman": "Sherman County",
    "Thurston": "Thurston County",
    "CarsonCity": "Carson City",
    "Mineral": "Mineral County",
    "NewHampshire": "New Hampshire",
    "Belknap": "Belknap County",
    "Merrimack": "Merrimack County",
    "NewJersey": "New Jersey",
    "Atlantic": "Atlantic County",
    "Bergen": "Bergen County",
    "Essex": "Essex County",
    "Middlesex": "Middlesex County",
    "Salem": "Salem County",
    "NewMexico": "New Mexico",
    "Bernalillo": "Bernalillo County",
    "Debaca": "De Baca County",
    "Harding": "Harding County",
    "Luna": "Luna County",
    "RioArriba": "Rio Arriba County",
    "SantaFe": "Santa Fe County",
    "NewYork": "New York County",
    "Albany": "Albany County",
    "Chautauqua": "Chautauqua County",
    "Cortland": "Cortland County",
    "Herkimer": "Herkimer County",
    "Orange": "Orange County",
    "Queens": "New York",
    "Saratoga": "Saratoga County",
    "Ulster": "Ulster County",
    "Wyoming": "Wyoming County",
    "NorthCarolina": "North Carolina",
    "Alamance": "Alamance County",
    "Beaufort": "Beaufort County",
    "Caswell": "Caswell County",
    "Clay": "Clay County",
    "Currituck": "Currituck County",
    "Durham": "Durham County",
    "Gates": "Gates County",
    "Halifax": "Halifax County",
    "Hoke": "Hoke County",
    "Jones": "Jones County",
    "Madison": "Madison County",
    "Onslow": "Onslow County",
    "Perquimans": "Perquimans County",
    "Richmond": "Richmond County",
    "Sampson": "Sampson County",
    "Swain": "Swain County",
    "Wake": "Wake County",
    "Barnes": "Barnes County",
    "Divide": "Divide County",
    "GoldenValley": "Golden Valley County",
    "Kidder": "Kidder County",
    "McKenzie": "Williams County",
    "Nelson": "Nelson County",
    "Ransom": "Ransom County",
    "Sheridan": "Sheridan County",
    "Stutsman": "Stutsman County",
    "Wells": "Wells County",
    "Belmont": "Belmont County",
    "Erie": "Erie County",
    "Gallia": "Gallia County",
    "Hancock": "Hancock County",
    "Hocking": "Hocking County",
    "Noble": "Noble County",
    "Ross": "Ross County",
    "Stark": "Stark County",
    "VanWert": "Van Wert County",
    "Williams": "Williams County",
    "Alfalfa": "Alfalfa County",
    "Bryan": "Bryan County",
    "Cotton": "Cotton County",
    "Dewey": "Dewey County",
    "Hughes": "Hughes County",
    "Kingfisher": "Kingfisher County",
    "McClain": "McClain County",
    "Osage": "Pawnee County",
    "Pontotoc": "Pontotoc County",
    "Seminole": "Seminole County",
    "Tulsa": "Tulsa County",
    "Benton": "Benton County",
    "Crook": "Crook County",
    "Wallowa": "Wallowa County",
    "Allegheny": "Allegheny County",
    "Blair": "Blair County",
    "Clearfield": "Clearfield County",
    "Dauphin": "Dauphin County",
    "Forest": "Clarion County",
    "Indiana": "Indiana County",
    "McKean": "McKean County",
    "Montour": "Montour County",
    "Sullivan": "Sullivan County",
    "York": "York County",
    "RhodeIsland": "Rhode Island",
    "Bristol": "Bristol County",
    "SouthCarolina": "SC",
    "Abbeville": "Abbeville County",
    "Aiken": "Aiken County",
    "Chester": "Chester County",
    "Dillon": "Dillon County",
    "Georgetown": "Georgetown County",
    "Lexington": "Lexington County",
    "Oconee": "Oconee County",
    "Spartanburg": "Spartanburg County",
    "SouthDakota": "South Dakota",
    "Aurora": "Aurora County",
    "Beadle": "Beadle County",
    "Brule": "Brule County",
    "Davison": "Davison County",
    "Edmunds": "Edmunds County",
    "Haakon": "Ziebach County",
    "Lyman": "Lyman County",
    "Mellette": "Jones County",
    "Perkins": "Perkins County",
    "Spink": "Spink County",
    "Bedford": "Bedford County",
    "Campbell": "Campbell County",
    "Crockett": "Crockett County",
    "Dickson": "Dickson County",
    "Gibson": "Gibson County",
    "Hamblen": "Hamblen County",
    "Hawkins": "Hawkins County",
    "Houston": "Houston County",
    "Overton": "Overton County",
    "Rhea": "Rhea County",
    "Sequatchie": "Sequatchie County",
    "Weakley": "Weakley County",
    "Andrews": "Andrews County",
    "Atascosa": "Atascosa County",
    "Baylor": "Baylor County",
    "Borden": "Borden County",
    "Burnet": "Llano County",
    "Camp": "Camp County",
    "Cherokee": "Cherokee County",
    "Coleman": "Coleman County",
    "Crane": "Pecos County",
    "Dallas": "Dallas County",
    "Dewitt": "DeWitt County",
    "Eastland": "Eastland County",
    "Erath": "Erath County",
    "Frio": "Frio County",
    "Glasscock": "Glasscock County",
    "Gregg": "Gregg County",
    "Hamilton": "Hamilton County",
    "Harrison": "Harrison County",
    "Henderson": "Henderson County",
    "Hopkins": "Hopkins County",
    "Hutchinson": "Hutchinson County",
    "Kleberg": "Kleberg County",
    "Lampasas": "Lampasas County",
    "Lubbock": "Lubbock County",
    "McMullen": "McMullen County",
    "Mills": "Mills County",
    "Morris": "Morris County",
    "Nolan": "Nolan County",
    "PaloPinto": "Palo Pinto County",
    "Reagan": "Reagan County",
    "Sabine": "Sabine County",
    "Schleicher": "Schleicher County",
    "Stonewall": "Stonewall County",
    "Travis": "Williamson County",
    "Uvalde": "Uvalde County",
    "Waller": "Waller County",
    "Wheeler": "Wheeler County",
    "Wilson": "Wilson County",
    "Young": "Young County",
    "Beaver": "Beaver County",
    "BoxElder": "Box Elder County",
    "Juab": "Juab County",
    "Addison": "Addison County",
    "Bennington": "Bennington County",
    "GrandIsle": "Grand Isle County",
    "Accomack": "Accomack County",
    "Albemarle": "Albemarle County",
    "Appomattox": "Appomattox County",
    "BedfordCity": "Bedford County",
    "Buchanan": "Buchanan County",
    "Chesterfield": "Chesterfield County",
    "Craig": "Craig County",
    "Dinwiddie": "Dinwiddie County",
    "FallsChurch": "Falls Church",
    "Frederick": "Frederick County",
    "Goochland": "Goochland County",
    "Highland": "Highland County",
    "KingGeorge": "King George County",
    "Loudoun": "Loudoun County",
    "PrinceWilliam": "Prince William County",
    "Roanoke": "Roanoke County",
    "Spotsylvania": "Spotsylvania County",
    "Sussex": "Sussex County",
    "Wythe": "Wythe County",
    "Asotin": "Asotin County",
    "King": "King County",
    "Pierce": "Pierce County",
    "Spokane": "Spokane County",
    "Whatcom": "Whatcom County",
    "WestVirginia": "West Virginia",
    "Barbour": "Barbour County",
    "Berkeley": "Berkeley County",
    "McDowell": "McDowell County",
    "Pleasants": "Pleasants County",
    "Randolph": "Randolph County",
    "Tucker": "Tucker County",
    "Wetzel": "Wetzel County",
    "Ashland": "Ashland County",
    "Dunn": "Dunn County",
    "LaCrosse": "La Crosse County",
    "Menominee": "Menominee County",
    "Outagamie": "Outagamie County",
    "Portage": "Portage County",
    "Rusk": "Rusk County",
    "Sheboygan": "Sheboygan County",
    "Walworth": "Walworth County",
    "Waushara": "Waushara County",
    "AcehBarat": "West Aceh Regency",
    "AcehBaratDaya": "Southwest Aceh Regency",
    "AcehTamiang": "Aceh Tamiang Regency",
    "BandaAceh": "Kota Banda Aceh",
    "Lhokseumawe": "Lhokseumawe City",
    "Simeulue": "Simeulue Regency",
    "Badung": "Kabupaten Badung",
    "Bangli": "Bangli Regency",
    "Karangasem": "Karangasem Regency",
    "BangkaBelitung": "Bangka Belitung Islands",
    "Bangka": "Bangka Regency",
    "BangkaBarat": "West Bangka Regency",
    "Pangkalpinang": "Pangkal Pinang City",
    "Cilegon": "Kota Cilegon",
    "KotaSerang": "Kota Serang",
    "Tangerang": "Kabupaten Tangerang",
    "Bengkulu": "Kota Bengkulu",
    "BengkuluSelatan": "South Bengkulu Regency",
    "Lebong": "Lebong Regency",
    "Boalemo": "Boalemo Regency",
    "BoneBolango": "Bone Bolango Regency",
    "Pohuwato": "Pohuwato Regency",
    "JakartaRaya": "Jakarta",
    "JakartaBarat": "West Jakarta City",
    "JakartaPusat": "Kota Jakarta Pusat",
    "BatangHari": "Batang Hari Regency",
    "Bungo": "Bungo Regency",
    "Sarolangun": "Sarolangun Regency",
    "JawaBarat": "West Java",
    "Bandung": "Bandung Regency",
    "BandungBarat": "West Bandung Regency",
    "Cianjur": "Cianjur Regency",
    "Indramayu": "Indramayu Regency",
    "KotaCirebon": "Kota Cirebon",
    "Purwakarta": "Purwakarta Regency",
    "WadukCirata": "Cianjur Regency",
    "JawaTengah": "Jawa Tengah",
    "Banjarnegara": "Kabupaten Banjarnegara",
    "Banyumas": "Kabupaten Banyumas",
    "Cilacap": "Cilacap Regency",
    "Kebumen": "Kabupaten Kebumen",
    "KotaSemarang": "Kota Semarang",
    "Pekalongan": "Pekalongan Regency",
    "Salatiga": "Kota Salatiga",
    "Tegal": "Kabupaten Tegal",
    "JawaTimur": "Jawa Timur",
    "Bangkalan": "Kabupaten Bangkalan",
    "Banyuwangi": "Banyuwangi Regency",
    "Gresik": "Kabupaten Gresik",
    "KotaKediri": "Kota Kediri",
    "KotaProbolinggo": "Kota Probolinggo",
    "Malang": "Malang Regency",
    "Pamekasan": "Kabupaten Pamekasan",
    "Sidoarjo": "Kabupaten Sidoarjo",
    "Tuban": "Tuban Regency",
    "KalimantanBarat": "West Kalimantan",
    "Bengkayang": "Bengkayang Regency",
    "KapuasHulu": "Kapuas Hulu Regency",
    "Landak": "Landak Regency",
    "Sekadau": "Sekadau Regency",
    "KalimantanSelatan": "South Kalimantan",
    "Balangan": "Balangan Regency",
    "Banjar": "Banjar Regency",
    "HuluSungaiTengah": "Central Hulu Sungai Regency",
    "TanahLaut": "Tanah Laut Regency",
    "KalimantanTengah": "Central Kalimantan",
    "BaritoSelatan": "South Barito Regency",
    "BaritoTimur": "East Barito Regency",
    "KotawaringinBarat": "West Kotawaringin Regency",
    "KalimantanTimur": "East Kalimantan",
    "Balikpapan": "Balikpapan City",
    "Berau": "Berau Regency",
    "Paser": "Paser Regency",
    "KalimantanUtara": "North Kalimantan",
    "Bulungan": "Bulungan Regency",
    "Malinau": "Malinau Regency",
    "KepulauanRiau": "Kepulauan Riau",
    "Batam": "Kota Batam",
    "Bintan": "Bintan Regency",
    "Tanjungpinang": "Tanjung Pinang City",
    "BandarLampung": "Bandar Lampung City",
    "LampungBarat": "West Pesisir Regency",
    "Mesuji": "Mesuji Regency",
    "TulangBawangBarat": "West Tulang Bawang Regency",
    "Ambon": "Kota Ambon",
    "Buru": "Buru Regency",
    "MalukuTenggara": "Sotheast Maluku Regency",
    "MalukuUtara": "North Maluku",
    "HalmaheraBarat": "West Halmahera Regency",
    "HalmaheraSelatan": "South Halmahera Regency",
    "PulauMorotai": "Morotai Island Regency",
    "NusaTenggaraBarat": "West Nusa Tenggara",
    "Bima": "Bima Regency",
    "Dompu": "Dompu Regency",
    "LombokUtara": "North Lombok Regency",
    "NusaTenggaraTimur": "East Nusa Tenggara",
    "Alor": "Alor Regency",
    "Belu": "Belu Regency",
    "Lembata": "Lembata Regency",
    "Ngada": "Ngada Regency",
    "SumbaBaratDaya": "Southwest Sumba Regency",
    "Papua": "South Papua",
    "Asmat": "Asmat Regency",
    "BiakNumfor": "Biak Numfor Regency",
    "Jayapura": "Jayapura Regency",
    "LannyJaya": "Lanny Jaya Regency",
    "Mimika": "Mimika Regency",
    "Puncak": "Puncak Regency",
    "Waropen": "Waropen Regency",
    "PapuaBarat": "West Papua",
    "Fakfak": "Fakfak Regency",
    "Kaimana": "Kaimana Regency",
    "Sorong": "Sorong Regency",
    "Bengkalis": "Bengkalis Regency",
    "Dumai": "Dumai City",
    "KuantanSingingi": "Kuantan Singingi Regency",
    "Siak": "Siak Regency",
    "SulawesiBarat": "West Sulawesi",
    "Majene": "Polewali Mandar Regency",
    "Mamasa": "Mamasa Regency",
    "SulawesiSelatan": "South Sulawesi",
    "Bantaeng": "Bantaeng Regency",
    "Barru": "Barru Regency",
    "Jeneponto": "Jeneponto Regency",
    "Makassar": "Makassar City",
    "Pinrang": "Pinrang Regency",
    "TanaToraja": "Tana Toraja Regency",
    "SulawesiTengah": "Central Sulawesi",
    "Banggai": "Banggai Regency",
    "BanggaiKepulauan": "Banggai Islands Regency",
    "SulawesiTenggara": "South East Sulawesi",
    "Bau-Bau": "Bau-Bau City",
    "Bombana": "Bombana Regency",
    "KolakaUtara": "North Kolaka Regency",
    "Wakatobi": "Kabupaten Wakatobi",
    "SulawesiUtara": "North Sulawesi",
    "Bitung": "Bitung City",
    "BolaangMongondow": "Bolaang Mongondow Regency",
    "KepulauanTalaud": "Kepulauan Talaud Regency",
    "MinahasaTenggara": "Southeast Minahasa Regency",
    "SumateraBarat": "West Sumatra",
    "Agam": "Agam Regency",
    "Bukittinggi": "Kota Bukittinggi",
    "LimaPuluhKota": "Lima Puluh Kota Regency",
    "Pasaman": "Pasaman Regency",
    "Sijunjung": "Sijunjung Regency",
    "SumateraSelatan": "South Sumatra",
    "BanyuAsin": "Banyuasin Regency",
    "EmpatLawang": "Empat Lawang Regency",
    "MusiRawas": "North Musi Rawas Regency",
    "OganKomeringUluTimur": "East Ogan Komering Ulu Regency",
    "SumateraUtara": "North Sumatra",
    "Asahan": "Asahan Regency",
    "BatuBara": "Batu Bara Regency",
    "Karo": "Karo Regency",
    "LabuhanbatuSelatan": "South Labuhan Batu Regency",
    "Nias": "Nias Regency",
    "PadangLawasUtara": "North Padang Lawas Regency",
    "SerdangBedagai": "Kabupaten Serdang Bedagai",
    "TapanuliUtara": "North Tapanuli Regency",
    "Yogyakarta": "Daerah Istimewa Yogyakarta",
    "Bantul": "Kabupaten Bantul",
    "GunungKidul": "Kabupaten Gunungkidul",
    "AmnatCharoen": "Amnat Charoen",
    "Chanuman": "Chanuman District",
    "HuaTaphan": "Hua Taphan District",
    "Senangkhanikhom": "Amphoe Senangkhanikhom",
    "AngThong": "Ang Thong",
    "MuangAngThong": "Mueang Ang Thong District",
    "WisetChaiChan": "Wiset Chai Chan District",
    "BangkokMetropolis": "Krung Thep Maha Nakhon",
    "BuengKan": "Bueng Kan",
    "BungKan": "Mueang Bueng Kan District",
    "BungKhongLong": "Bueng Khong Long District",
    "SiWilai": "Si Wilai District",
    "BuriRam": "Buri Ram",
    "BanKruat": "Ban Kruat District",
    "BanMaiChaiPho": "Ban Mai Chaiyaphot District",
    "K.DaenKong": "Khaen Dong District",
    "MuangBuriRam": "Mueang Buri Ram District",
    "NongHong": "Nong Hong District",
    "PrakhonChai": "Prakhon Chai District",
    "BanPho": "Ban Pho",
    "BangKhla": "Amphoe Bang Khla",
    "PhanomSarakham": "Phanom Sarakham District",
    "ChaiNat": "Chai Nat",
    "HanKha": "Hankha District",
    "K.NoenKham": "Noen Kham District",
    "Sanphaya": "Sapphaya District",
    "BamnetNarong": "Bamnet Narong District",
    "BanKhwao": "Ban Khwao District",
    "KasetSombon": "Kaset Sombun District",
    "NongBuaDaeng": "Nong Bua Daeng District",
    "K.KaoKichakut": "Khao Khitchakut District",
    "K.NaYaiAm": "Na Yai Am District",
    "MuangChanthaburi": "Amphoe Mueang Chanthaburi",
    "ChiangMai": "Chiang Mai",
    "ChaiPrakarn": "Chai Prakan District",
    "ChiangDao": "Chiang Dao District",
    "HangDong": "Hang Dong District",
    "MaeChaem": "Mae Chaem District",
    "Omkoi": "Omkoi District",
    "SanSai": "อำเภอสันทราย",
    "ChiangRai": "Chiang Rai",
    "ChiangKhong": "Chiang Khong District",
    "ChiangSaen": "Tonpheung",
    "MaeFaLuang": "Mae Fa Luang District",
    "PaDaet": "Pa Daet District",
    "WiangPaPao": "Wiang Pa Pao District",
    "ChonBuri": "Chon Buri",
    "BanBung": "Ban Bueng District",
    "BangLamung": "Bang Lamung District",
    "NongYai": "Nong Yai District",
    "Lamae": "Lamae District",
    "LangSuan": "Lang Suan District",
    "ThaSae": "Tha Sae District",
    "HuaiMek": "Huai Mek District",
    "HuaiPhung": "Huai Phueng District",
    "Kamalasai": "Kamalasai District",
    "NaMon": "Na Mon District",
    "ThaKhantho": "Tha Khantho District",
    "KamphaengPhet": "Chang Wat Kamphaeng Phet",
    "K.BungSamakki": "Amphoe Bueng Samakkhi",
    "K.KoSamPiNakhon": "Kosamphi Nakhon District",
    "MueangKamphaengPhet": "Mueang Kamphaeng Phet District",
    "BoPhloi": "Bo Phloi District",
    "DanMakhamTia": "Dan Makham Tia District",
    "PhanomThuan": "Phanom Thuan District",
    "ThaMuang": "Tha Muang District",
    "KhonKaen": "Khon Kaen",
    "BanFang": "Ban Fang District",
    "BanPhai": "Ban Phai District",
    "K.NonSila": "Non Sila District",
    "ManchaKhiri": "Mancha Khiri District",
    "Phon": "Phon District",
    "SiChomphu": "Si Chomphu District",
    "AoLuk": "Ao Luek District",
    "KhaoPhanom": "Khao Phanom District",
    "NuaKhlong": "Nuea Khlong District",
    "ChaeHom": "Chae Hom District",
    "HangChat": "Hang Chat District",
    "MuangLampang": "Mueang Lampang District",
    "Thoen": "Thoen District",
    "BanHong": "Ban Hong District",
    "BanThi": "Ban Thi District",
    "PaSang": "Pa Sang District",
    "ChiangKhan": "Chiang Khan District",
    "DanSai": "Dan Sai District",
    "NaHaeo": "Na Haeo District",
    "PhuRua": "Phu Ruea District",
    "LopBuri": "Lopburi",
    "BanMi": "Ban Mi District",
    "ChaiBadan": "Chai Badan District",
    "NongMuang": "Nong Muang District",
    "MaeHongSon": "Mae Hong Son",
    "KhunYuam": "Khun Yuam District",
    "MaeLaNoi": "Mae La Noi District",
    "SopMoei": "Omkoi District",
    "MahaSarakham": "Maha Sarakham",
    "Borabu": "Borabue District",
    "ChiangYun": "Chiang Yuen District",
    "KosumPhisai": "Kosum Phisai District",
    "WapiPathum": "Wapi Pathum District",
    "DonTan": "Don Tan District",
    "DongLuang": "Dong Luang District",
    "WanYai": "Wan Yai District",
    "NakhonNayok": "Nakhon Nayok",
    "BanNa": "Ban Na District",
    "MuangNakhonNayok": "Mueang Nakhon Nayok District",
    "NakhonPathom": "Nakhon Pathom",
    "BangLen": "Bang Len District",
    "DonTum": "Don Tum District",
    "SamPhran": "Sam Phran District",
    "NakhonPhanom": "Nakhon Phanom",
    "BanPhaeng": "Ban Phaeng District",
    "K.WangYang": "Wang Yang District",
    "PhonSawan": "Phon Sawan District",
    "ThatPhanom": "That Phanom District",
    "NakhonRatchasima": "Nakhon Ratchasima",
    "BanLuam": "Ban Lueam District",
    "BuaYai": "Bua Yai District",
    "DanKhunThot": "Dan Khun Thot District",
    "K.PhraThongKham": "Phra Thong Kham District",
    "KhamThalaSo": "Kham Thale So District",
    "NonSung": "Non Sung District",
    "Phimai": "Phimai District",
    "WangNumKhiaw": "Wang Nam Khiao District",
    "NakhonSawan": "Nakhon Sawan",
    "BanphotPhisai": "Banphot Phisai District",
    "Chumsaeng": "Chum Saeng District",
    "LatYao": "Lat Yao District",
    "PhayuhaKhiri": "Phayuha Khiri District",
    "NakhonSiThammarat": "Nakhon Si Thammarat",
    "BangKhan": "Bang Khan District",
    "Cha-uat": "Cha-uat District",
    "HuaSai": "Amphoe Hua Sai",
    "MuangNakhonSiThammarat": "Amphoe Mueang Nakhon Si Thammarat",
    "Phrommakhiri": "Phrom Khiri District",
    "ThungSong": "Thung Song District",
    "BanLuang": "Ban Luang District",
    "BoKlue": "Bo Kluea District",
    "MuangNan": "Mueang Nan District",
    "SongKwae": "Song Khwae District",
    "Narathiwat": "Chang Wat Narathiwat",
    "Bacho": "Amphoe Bacho",
    "Cho-I-rong": "Cho-airong District",
    "SiSakhon": "Si Sakhon District",
    "Waeng": "Waeng District",
    "NongBuaLamPhu": "Nong Bua Lam Phu",
    "MuangNongBuaLamPhu": "Mueang Nong Bua Lam Phu District",
    "NaKlang": "Na Klang District",
    "NongKhai": "Nong Khai",
    "K.FaoRai": "Fao Rai District",
    "K.PhoTak": "Pho Tak District",
    "SangKhom": "Sang Khom District",
    "Nonthaburi": "Chang Wat Nonthaburi",
    "BangBuaThong": "Amphoe Bang Bua Thong",
    "BangKruai": "Bang Kruai District",
    "PathumThani": "Pathum Thani",
    "KhlongLuang": "Khlong Luang District",
    "LamLukKa": "Lam Luk Ka District",
    "Thanyaburi": "Thanyaburi District",
    "KaPho": "Kapho District",
    "KhokPho": "Khok Pho District",
    "NongChik": "Nong Chik District",
    "Yaring": "Amphoe Yaring",
    "Phangnga": "Phang Nga",
    "Kapong": "Kapong District",
    "KhuraBuri": "Khura Buri District",
    "ThaiMuang": "Thai Mueang District",
    "Phatthalung": "Chang Wat Phatthalung",
    "BangKaeo": "Amphoe Bang Kaeo",
    "K.SriNakarin": "Srinagarindra District",
    "PaBon": "Pa Bon District",
    "Tamot": "Tamot District",
    "ChiangKham": "Chiang Kham District",
    "ChiangMuan": "Chiang Muan District",
    "MaeChai": "Mae Chai District",
    "BuangSamPhan": "Bueng Sam Phan District",
    "ChonDaen": "Chon Daen District",
    "NamNao": "Nam Nao District",
    "Phetchaburi": "Chang Wat Phetchaburi",
    "BanLaem": "Amphoe Ban Laem",
    "BanLat": "Ban Lat District",
    "NongYaPlong": "Nong Ya Plong District",
    "BangMunNak": "Bang Mun Nak District",
    "K.BungNarang": "Bueng Na Rang District",
    "PhoThale": "Pho Thale District",
    "WangSaiPhun": "Wang Sai Phun District",
    "BangKrathum": "Bang Krathum District",
    "BangRakam": "Bang Rakam District",
    "PhromPhiram": "Phrom Phiram District",
    "PhraNakhonSiAyutthaya": "Phra Nakhon Si Ayutthaya",
    "BanPhraek": "Ban Phraek District",
    "BangBan": "Bang Ban District",
    "MahaRat": "Maha Rat District",
    "Sena": "Sena District",
    "DenChai": "Den Chai District",
    "Long": "Long District",
    "SungMen": "Sung Men District",
    "Kathu": "Kathu District",
    "MuangPhuket": "Amphoe Mueang Phuket",
    "PrachinBuri": "Prachin Buri",
    "BanSang": "Ban Sang District",
    "KabinBuri": "Kabin Buri District",
    "SriMaharPho": "Amphoe Si Maha Phot",
    "PrachuapKhiriKhan": "Prachuap Khiri Khan",
    "BangSaphan": "Bang Saphan District",
    "BangSaphanNoi": "Bang Saphan Noi District",
    "PranBuri": "Hua Hin District",
    "K.SukSamran": "Suk Samran District",
    "Kapoe": "Kapoe District",
    "Ratchaburi": "Kanchanaburi",
    "BanPong": "Tha Maka District",
    "BangPhae": "Bang Phae District",
    "PakTho": "Pak Tho District",
    "Rayong": "Chang Wat Rayong",
    "BanChang": "Amphoe Ban Chang",
    "BanKhai": "Ban Khai District",
    "PluakDaeng": "Pluak Daeng District",
    "RoiEt": "Roi Et",
    "AtSamat": "At Samat District",
    "Changhan": "Changhan District",
    "KasetWisai": "Kaset Wisai District",
    "PanomPhrai": "Phanom Phrai District",
    "Selaphum": "Selaphum District",
    "SaKaeo": "Sa Kaeo",
    "Aranyaprathet": "Aranyaprathet District",
    "K.KokSung": "Khok Sung District",
    "TaPhraya": "Ta Phraya District",
    "SakonNakhon": "Sakon Nakhon",
    "AkatAmnuai": "Akat Amnuai District",
    "BanMuang": "Ban Muang District",
    "KutBak": "Kut Bak District",
    "PhonNaKaeo": "Phon Na Kaeo District",
    "WanonNiwat": "Amphoe Wanon Niwat",
    "SamutPrakan": "Chang Wat Samut Prakan",
    "BangBo": "Amphoe Bang Bo",
    "BangPlee": "Amphoe Bang Phli",
    "SamutSakhon": "Samut Sakhon",
    "BanPhaeo": "Ban Phaeo District",
    "KrathumBaen": "Amphoe Krathum Baen",
    "SamutSongkhram": "Samut Songkhram",
    "Amphawa": "Amphawa District",
    "BangKhonTi": "Bang Khonthi District",
    "BanMo": "Ban Mo District",
    "Chalermphrakiet": "Chaloem Phra Kiat District",
    "NongDon": "Nong Don District",
    "WangMuang": "Amphoe Wang Muang",
    "K.MaNang": "Manang District",
    "KhuanDon": "Khuan Don District",
    "ThungWa": "Thung Wa District",
    "SiSaKet": "Si Sa Ket",
    "Benchalak": "Benchalak District",
    "BungBun": "Bueng Bun District",
    "Kanthararom": "Kanthararom District",
    "NamKliang": "Nam Kliang District",
    "PrangKu": "Prang Ku District",
    "YangChumNoi": "Yang Chum Noi District",
    "SingBuri": "Sing Buri",
    "BangRachan": "Bang Rachan District",
    "InBuri": "อำเภออินทร์บุรี",
    "BangKlam": "Bang Klam District",
    "Chana": "Chana District",
    "MuangSongkhla": "Mueang Songkhla District",
    "SabaYoi": "Saba Yoi District",
    "Thepha": "Thepha District",
    "BanDanLanHoi": "Ban Dan Lan Hoi District",
    "KhiriMat": "Khiri Mat District",
    "SiSamRong": "Si Samrong District",
    "SuphanBuri": "Suphan Buri",
    "BangPlaMa": "Bang Pla Ma District",
    "DanChang": "Dan Chang District",
    "SamChuk": "Sam Chuk District",
    "SuratThani": "Surat Thani",
    "BanNaDoem": "Ban Na Doem District",
    "BanNaSan": "Amphoe Ban Na San",
    "K.Wipawadi": "Vibhavadi District",
    "KoSamui": "Ko Samui District",
    "ThaChana": "Tha Chana District",
    "BuaChet": "Buachet District",
    "ChomPhra": "Chom Phra District",
    "K.SriNarong": "Si Narong District",
    "RattanaBuri": "Rattanaburi District",
    "ThaTum": "Tha Tum District",
    "BanTak": "Ban Tak District",
    "K.WangChao": "Wang Chao District",
    "SamNgao": "Sam Ngao District",
    "HuaiYot": "Huai Yot District",
    "K.HatSamran": "Hat Samran District",
    "Rasada": "Ratsada District",
    "BoRai": "Bo Rai District",
    "K.KoChang": "Ko Chang District",
    "MuangTrat": "Mueang Trat District",
    "UbonRatchathani": "Ubon Ratchathani",
    "Buntharik": "Buntharik District",
    "DetUdom": "Det Udom District",
    "K.NamKhun": "Nam Khun District",
    "KutKhaoPun": "Kut Khaopun District",
    "PhibunMangsahan": "Phibun Mangsahan District",
    "TanSum": "Tan Sum District",
    "UdonThani": "Udon Thani",
    "BanDung": "Ban Dung District",
    "BanPhu": "Ban Phue District",
    "KutChap": "Kut Chap District",
    "NongHan": "Nong Han District",
    "UthaiThani": "Uthai Thani",
    "BanRai": "Ban Rai District",
    "HuaiKhot": "Huai Khot District",
    "SawangArom": "Sawang Arom District",
    "BanKhok": "Ban Khok District",
    "FakTha": "Fak Tha District",
    "ThaPla": "Tha Pla District",
    "BannangStar": "Bannang Sata District",
    "Batong": "Betong District",
    "ThanTo": "Than To District",
    "AmphoeMuangYasothon": "Mueang Yasothon District",
    "AmphoeSaiMun": "Sai Mun District",
    "MahaChanaChai": "Maha Chana Chai District",
    "AnGiang": "An Giang",
    "AnPhú": "An Phú",
    "ChâuĐốc": "Thành phố Châu Đốc",
    "PhúTân": "Phú Tân District",
    "BàRịa-VũngTàu": "Bà Rịa - Vũng Tàu",
    "BàRịa": "Thành phố Bà Rịa",
    "ChâuĐức": "Châu Đức District",
    "XuyênMộc": "Xuyên Mộc District",
    "BắcGiang": "Thành phố Bắc Giang",
    "HiệpHòa": "Hiệp Hòa",
    "TânYên": "Tân Yên District",
    "BắcKạn": "Bắc Kạn",
    "BaBể": "Ba Bể District",
    "BạchThông": "Bac Kan",
    "PácNặm": "Pác Nặm District",
    "BạcLiêu": "Bac Lieu",
    "ĐôngHải": "Dong Hai",
    "VĩnhLợi": "Vĩnh Lợi",
    "BắcNinh": "Thành phố Bắc Ninh",
    "GiaBình": "Gia Bình",
    "TừSơn": "Từ Sơn",
    "BếnTre": "thành phố Bến Tre",
    "BaTri": "Ba Tri District",
    "MỏCàyBắc": "Mỏ Cày Bắc District",
    "BìnhĐịnh": "Binh Dinh",
    "AnLão": "An Lão",
    "AnNhơn": "An Nhon",
    "QuiNhơn": "Quy Nhơn",
    "BìnhDương": "Bình Dương",
    "BắcTânUyên": "Bắc Tân Uyên",
    "BàuBàng": "Bàu Bàng",
    "TânUyên": "Tân Uyên District",
    "BìnhPhước": "Binh Phuoc",
    "BìnhLong": "Bình Long",
    "BùĐăng": "Bù Đăng District",
    "ĐồngXoài": "Đồng Xoài",
    "BìnhThuận": "Bình Thuận",
    "BắcBình": "Bắc Bình District",
    "ĐứcLinh": "Đức Linh District",
    "PhanThiết": "Thành phố Phan Thiết",
    "CàMau": "Cà Mau",
    "CáiNước": "Cái Nước District",
    "ThớiBình": "Thới Bình",
    "CầnThơ": "Cần Thơ",
    "BìnhThuỷ": "Bình Thủy",
    "CáiRăng": "Cái Răng",
    "ThớiLai": "Thới Lai",
    "CaoBằng": "Cao Bang",
    "BảoLạc": "Bảo Lạc District",
    "BảoLâm": "Bảo Lâm District",
    "NguyênBình": "Nguyên Bình District",
    "TràLĩnh": "Trà Lĩnh District",
    "ĐàNẵng": "Đà Nẵng",
    "CẩmLệ": "Cẩm Lệ",
    "HảiChâu": "Thanh Khê",
    "ThanhKhê": "Hải Châu District",
    "ĐắkLắk": "Dak Lak",
    "BuônĐôn": "Buôn Đôn District",
    "BuônMaThuột": "Thành phố Buôn Ma Thuột",
    "EaSúp": "Ea Súp District",
    "KrôngPắc": "Krông Pắk District",
    "ĐắkNông": "Dak Nong",
    "CưJút": "Cư Jút District",
    "ĐăkGlong": "Đăk Glong District",
    "KrôngNô": "Krông Nô District",
    "ĐiệnBiên": "Điện Biên District",
    "ĐiệnBiênĐông": "Điện Biên Đông District",
    "NậmPồ": "Nam Po",
    "ĐồngNai": "Dong Nai",
    "BiênHòa": "Bien Hoa",
    "CẩmMỹ": "Cẩm Mỹ District",
    "TânPhú": "Tân Phú",
    "ĐồngTháp": "Dong Thap",
    "CaoLãnh": "Cao Lanh",
    "CaoLãnh(Thànhphố)": "Thành phố Cao Lãnh",
    "LấpVò": "Lấp Vò District",
    "ThápMười": "Tháp Mười District",
    "GiaLai": "Gia Lai",
    "AnKhê": "An Khê District",
    "AyunPa": "Ayun Pa",
    "ĐăkĐoa": "Đắk Đoa District",
    "KBang": "K'Bang District",
    "HàGiang": "Hà Giang",
    "BắcMê": "Bắc Mê District",
    "BắcQuang": "Bắc Quang District",
    "QuảnBạ": "Quản Bạ District",
    "HàNam": "Hà Nam",
    "BìnhLục": "Bình Lục District",
    "DuyTiên": "Duy Tiên",
    "HàNội": "Hà Nội",
    "BaĐình": "Ba Đình",
    "BaVì": "Ba Vì",
    "ĐôngAnh": "Đông Anh",
    "HoàiĐức": "Hoài Đức District",
    "MỹĐức": "Mỹ Đức",
    "SócSơn": "Soc Son",
    "ThanhTrì": "Thanh Trì",
    "HàTĩnh": "Ha Tinh",
    "CẩmXuyên": "Cẩm Xuyên District",
    "CanLộc": "Can Lộc District",
    "HươngSơn": "Hương Sơn",
    "ThạchHà": "Thạch Hà District",
    "HảiDương": "Hai Duong",
    "BìnhGiang": "Bình Giang District",
    "CẩmGiàng": "Cẩm Giàng District",
    "KinhMôn": "Kinh Môn",
    "TứKỳ": "Tứ Kỳ",
    "HảiPhòng": "Hai Phong",
    "AnDương": "An Dương",
    "HảiAn": "Hải An",
    "NgôQuyền": "Ngô Quyền",
    "HậuGiang": "Hau Giang",
    "ChâuThành": "Châu Thành District",
    "ChâuThànhA": "Phong Điền",
    "VịThanh": "Vi Thanh",
    "HồChíMinh": "Thành phố Hồ Chí Minh",
    "BìnhChánh": "Bình Chánh",
    "BìnhTân": "Bình Tân",
    "HócMôn": "Hóc Môn",
    "Quận11": "Quận 11",
    "Quận5": "Quận 5",
    "TânBình": "Tân Bình",
    "HoàBình": "Hòa Bình",
    "CaoPhong": "Cao Phong",
    "ĐàBắc": "Đà Bắc District",
    "LạcThủy": "Lạc Thủy District",
    "HưngYên": "Thành phố Hưng Yên",
    "ÂnThi": "Ân Thi",
    "TiênLữ": "Tiên Lữ District",
    "KhánhHòa": "Khánh Hòa",
    "CamLâm": "Cam Lâm District",
    "CamRanh": "Cam Ranh",
    "NinhHòa": "Ninh Hòa",
    "KiênGiang": "Kiên Giang",
    "AnBiên": "An Biên",
    "AnMinh": "An Minh District",
    "HàTiên": "Ha Tien",
    "RạchGiá": "Châu Thành District",
    "KonTum": "Thành phố Kon Tum",
    "ĐắkGlei": "Đắk Glei District",
    "ĐắkHà": "Đắk Hà District",
    "LaiChâu": "Thành phố Lai Châu",
    "MườngTè": "Mường Tè District",
    "LâmĐồng": "Lam Dong",
    "BảoLộc": "thành phố Bảo Lộc",
    "ĐamRông": "Đam Rông District",
    "LâmHà": "Lâm Hà",
    "LạngSơn": "Thành phố Lạng Sơn",
    "BắcSơn": "Bắc Sơn District",
    "BìnhGia": "Bình Gia District",
    "LàoCai": "Lao Cai",
    "BắcHà": "Bắc Hà District",
    "BảoThắng": "Bảo Thắng District",
    "SaPa": "Sa Pa",
    "LongAn": "Long An",
    "BếnLức": "Bến Lức",
    "CầnĐước": "Cần Đước",
    "KiếnTường": "Thị xã Kiến Tường",
    "TânTrụ": "Tân Trụ District",
    "NamĐịnh": "Nam Dinh",
    "GiaoThủy": "Giao Thủy District",
    "HảiHậu": "Hải Hậu District",
    "TrựcNinh": "Trực Ninh",
    "NghệAn": "Nghe An",
    "AnhSơn": "Anh Sơn District",
    "ConCuông": "Con Cuông District",
    "HưngNguyên": "Hưng Nguyên District",
    "QuếPhong": "Quế Phong District",
    "TháiHoà": "Thai Hoa",
    "NinhBình": "Ninh Bình",
    "GiaViễn": "Gia Viễn District",
    "HoaLư": "Hoa Lư",
    "YênKhánh": "Yên Khánh District",
    "NinhThuận": "Ninh Thuận",
    "BácÁi": "Bác Ái District",
    "NinhHải": "Thuận Bắc District",
    "ThuậnNam": "Thuan Nam",
    "PhúThọ": "Phú Thọ",
    "CẩmKhê": "Cẩm Khê District",
    "ĐoanHùng": "Đoan Hùng District",
    "TamNông": "Tam Nông District",
    "ViệtTrì": "Thành phố Việt Trì",
    "PhúYên": "Phú Yên",
    "ĐôngHòa": "Đông Hòa District",
    "ĐồngXuân": "Đồng Xuân District",
    "TâyHoà": "Tây Hòa District",
    "QuảngBình": "Quảng Bình",
    "BaĐồn": "Ba Don",
    "BốTrạch": "Bố Trạch District",
    "ThànhPhốĐồngHới": "Dong Hoi",
    "QuảngNam": "Quảng Nam",
    "BắcTràMy": "Bắc Trà My District",
    "ĐạiLộc": "Đại Lộc District",
    "HộiAn": "Thành phố Hội An",
    "PhúNinh": "Phú Ninh District",
    "ThăngBình": "Thăng Bình District",
    "QuảngNgãi": "Quang Ngai",
    "BaTơ": "Ba Tơ District",
    "BìnhSơn": "Bình Sơn District",
    "NghĩaHành": "Nghĩa Hành",
    "TâyTrà": "Trà Bồng District",
    "QuảngNinh": "Quảng Ninh",
    "BaChẽ": "Ba Chẽ District",
    "BìnhLiêu": "Bình Liêu District",
    "HạLong": "Ha Long",
    "TiênYên": "Tiên Yên District",
    "QuảngTrị": "Quảng Trị",
    "CamLộ": "Cam Lộ District",
    "CồnCỏ": "Cồn Cỏ",
    "HướngHóa": "Hương Hóa",
    "SócTrăng": "Soc Trang",
    "CùLaoDung": "Cù Lao Dung",
    "NgãNăm": "Ngã Năm",
    "SơnLa": "Thành phố Sơn La",
    "BắcYên": "Bắc Yên District",
    "MaiSơn": "Mai Sơn District",
    "YênChâu": "Yên Châu District",
    "TâyNinh": "Tây Ninh",
    "BếnCầu": "Bến Cầu District",
    "TânChâu": "Tân Châu District",
    "TháiBình": "Thai Binh",
    "ĐôngHưng": "Đông Hưng District",
    "HưngHà": "Hưng Hà District",
    "TiềnHải": "Tiền Hải District",
    "TháiNguyên": "Thai Nguyen",
    "ĐạiTừ": "Đại Từ District",
    "ĐịnhHóa": "Định Hóa District",
    "SôngCông": "Thành phố Sông Công",
    "ThanhHóa": "Thanh Hoa",
    "BáThước": "Bá Thước District",
    "BỉmSơn": "Bim Son",
    "HoằngHóa": "Hoằng Hóa District",
    "NhưThanh": "Như Thanh District",
    "QuảngXương": "Quảng Xương District",
    "ThọXuân": "Thọ Xuân District",
    "YênĐịnh": "Yên Định District",
    "ThừaThiênHuế": "Hue City",
    "ALưới": "A Lưới District",
    "Huế": "Thành phố Huế",
    "PhúLộc": "Phú Lộc",
    "TiềnGiang": "Tiền Giang",
    "CáiBè": "Cái Bè",
    "CaiLậy": "Thi xa Cai Lay",
    "GòCôngĐông": "Gò Công Đông District",
    "TràVinh": "Tra Vinh",
    "CàngLong": "Càng Long District",
    "CầuKè": "Cầu Kè",
    "TiểuCần": "Tiểu Cần District",
    "TuyênQuang": "Tuyên Quang",
    "ChiêmHóa": "Chiêm Hóa",
    "HàmYên": "Hàm Yên",
    "YênSơn": "Yên Sơn District",
    "VĩnhLong": "Vĩnh Long",
    "BìnhMinh": "Bình Minh",
    "VĩnhPhúc": "Vĩnh Phúc",
    "BìnhXuyên": "Bình Xuyên District",
    "LậpThạch": "Lập Thạch District",
    "VĩnhTường": "Vĩnh Tường",
    "YênBái": "Yên Bái",
    "LụcYên": "Lục Yên District",
    "MùCăngChải": "Mù Cang Chải District",
    "VănYên": "Văn Yên District",
    "Johor": "Johor Darul Ta'zim",
    "BatuPahat": "Sri Gading",
    "JohorBaharu": "Masai",
    "BandarBaharu": "Serdang",
    "Bachok": "Melor",
    "GuaMusang": "Gua Musang",
    "PasirMas": "Pasir Mas",
    "KualaLumpur": "Kuala Lumpur",
    "Labuan": "Labuan Federal Territory",
    "Melaka": "Malacca",
    "AlorGajah": "Alor Gajah",
    "NegeriSembilan": "Negeri Sembilan",
    "Jelebu": "Titi",
    "Jempol": "Bahau",
    "Tampin": "Gemencheh",
    "Bentong": "Karak",
    "Bera": "Teriang",
    "BatangPadang": "Sungkai",
    "HilirPerak": "Teluk Intan",
    "KualaKangsar": "Sungai Siput",
    "Perlis": "Kangar",
    "PulauPinang": "Penang",
    "BaratDaya": "Balik Pulau",
    "SeberangPeraiSelatan": "Sungai Jawi",
    "Beluran": "Pamol",
    "KotaMarudu": "Kota Marudu",
    "Nabawan": "Sapulut",
    "Tawau": "Wallace Bay",
    "Daro": "Bintangor",
    "Samarahan": "Kota Samarahan",
    "Gombak": "Selayang",
    "HuluLangat": "Hulu Langat",
    "Petaling": "Shah Alam",
    "Trengganu": "Terengganu",
    "Besut": "Jerteh",
    "Dungun": "Al-Muktafi Billah Shah",
    "Setiu": "Permaisuri"
  },
  "googleToGadm": {
    "Lu'An": "Lu'an",
    "Guangdong Province": "Guangdong",
    "Qianxinan Buyei and Miao Autonomous Prefecture": "QianxinanBuyeiandMiao",
    "Hong Kong Island": "HongKong",
    "Enshi City": "EnshiTujiaandMiao",
    "Wu Han Shi": "Wuhan",
    "Chang Sha Shi": "Changsha",
    "Wuxi": "Changzhou",
    "Huaian": "Huai'an",
    "Su Zhou Shi": "Suzhou",
    "Ordos City": "Ordos",
    "Hinggan League": "Xing'an",
    "Ningxia": "NingxiaHui",
    "Golog Tibetan Autonomous Prefecture": "GologTibetan",
    "Huangnan Tibetan Autonomous Prefecture": "HuangnanTibetan",
    "Xi'An": "Xi'an",
    "Jinan": "Laiwu",
    "Taian": "Tai'an",
    "Shang Hai Shi": "Shanghai",
    "Altay Prefecture": "Altay",
    "Chuxiong Yi Autonomous Prefecture": "ChuxiongYi",
    "Autauga County": "Autauga",
    "Baldwin County": "Baldwin",
    "Butler County": "Butler",
    "Marengo County": "Choctaw",
    "Colbert County": "Colbert",
    "Cullman County": "Cullman",
    "Escambia County": "Escambia",
    "Greene County": "Greene",
    "Jefferson County": "Jefferson",
    "Limestone County": "Limestone",
    "Marion County": "Marion",
    "Madison County": "Madison",
    "Russell County": "Russell",
    "Tallapoosa County": "Tallapoosa",
    "Winston County": "Winston",
    "Cochise County": "Cochise",
    "La Paz County": "LaPaz",
    "Pinal County": "Pinal",
    "Arkansas County": "Arkansas",
    "Ashley County": "Ashley",
    "Calhoun County": "Calhoun",
    "Cleburne County": "Cleburne",
    "Crawford County": "Crawford",
    "Drew County": "Drew",
    "Grant County": "Grant",
    "Independence County": "Independence",
    "Miller County": "Lafayette",
    "Logan County": "Logan",
    "Lauderdale County": "Mississippi",
    "Ouachita County": "Ouachita",
    "Polk County": "Polk",
    "St. Francis County": "SaintFrancis",
    "Sevier County": "Sevier",
    "Washington County": "Washington",
    "Alameda County": "Alameda",
    "Alpine County": "Alpine",
    "Contra Costa County": "ContraCosta",
    "Humboldt County": "Humboldt",
    "Lake County": "Lake",
    "Mariposa County": "Mariposa",
    "Monterey County": "Monterey",
    "Plumas County": "Plumas",
    "San Diego County": "SanDiego",
    "Santa Barbara County": "SantaBarbara",
    "Siskiyou County": "Siskiyou",
    "Tehama County": "Tehama",
    "Yolo County": "Yolo",
    "Adams County": "Adams",
    "Boulder County": "Boulder",
    "Conejos County": "Conejos",
    "Elbert County": "Elbert",
    "Las Animas County": "LasAnimas",
    "Moffat County": "Moffat",
    "Ouray County": "Ouray",
    "Pueblo County": "Pueblo",
    "San Juan County": "SanJuan",
    "Western Connecticut Planning Region": "Fairfield",
    "Capitol Planning Region": "Tolland",
    "Kent County": "Kent",
    "New Castle County": "NewCastle",
    "District of Columbia": "DistrictofColumbia",
    "Alachua County": "Alachua",
    "Baker County": "Grant",
    "Columbia County": "Columbia",
    "Flagler County": "Flagler",
    "Gulf County": "Gulf",
    "Highlands County": "Highlands",
    "Levy County": "Levy",
    "Martin County": "Martin",
    "Okeechobee County": "Okeechobee",
    "Pinellas County": "Pinellas",
    "Santa Rosa County": "SantaRosa",
    "Appling County": "Appling",
    "Atkinson County": "Atkinson",
    "Barrow County": "Barrow",
    "Bleckley County": "Bleckley",
    "Burke County": "Burke",
    "Carroll County": "Carroll",
    "Chattooga County": "Chattooga",
    "Clinch County": "Clinch",
    "Cook County": "Cook",
    "Dawson County": "Dawson",
    "Dougherty County": "Dougherty",
    "Floyd County": "Floyd",
    "Glascock County": "Glascock",
    "Gwinnett County": "Gwinnett",
    "Harris County": "Harris",
    "Irwin County": "Irwin",
    "Jenkins County": "Jenkins",
    "Laurens County": "Laurens",
    "Lowndes County": "Lowndes",
    "McDuffie County": "McDuffie",
    "Monroe County": "Monroe",
    "Newton County": "Newton",
    "Pickens County": "Pickens",
    "Putnam County": "Putnam",
    "Rockdale County": "Rockdale",
    "Stephens County": "Stephens",
    "Tattnall County": "Tattnall",
    "Tift County": "Tift",
    "Turner County": "Turner",
    "Walton County": "Walton",
    "Stewart County": "Webster",
    "Wilkes County": "Wilkes",
    "Hawaii County": "Hawaii",
    "Honolulu County": "Honolulu",
    "Ada County": "Ada",
    "Blaine County": "Blaine",
    "Custer County": "Butte",
    "Clark County": "Clark",
    "Fremont County": "Fremont",
    "Jerome County": "Jerome",
    "Lincoln County": "Lincoln",
    "Owyhee County": "Owyhee",
    "Twin Falls County": "TwinFalls",
    "Alexander County": "Alexander",
    "DuPage County": "Dupage",
    "Ford County": "Ford",
    "Grundy County": "Grundy",
    "Henry County": "Henry",
    "Jersey County": "Jersey",
    "Kendall County": "Kendall",
    "Lawrence County": "Lawrence",
    "Macoupin County": "Macoupin",
    "Massac County": "Massac",
    "Mercer County": "Mercer",
    "Ogle County": "Ogle",
    "Livingston County": "Livingston",
    "Scott County": "Scott",
    "Union County": "Union",
    "Wayne County": "Wayne",
    "Winnebago County": "Winnebago",
    "Allen County": "Allen",
    "Brown County": "Brown",
    "Clinton County": "Clinton",
    "Decatur County": "Decatur",
    "Hendricks County": "Hendricks",
    "Jasper County": "Jasper",
    "Knox County": "Knox",
    "LaPorte County": "LaPorte",
    "Parke County": "Parke",
    "Pulaski County": "Pulaski",
    "St. Joseph County": "SaintJoseph",
    "Steuben County": "Steuben",
    "Warren County": "Warren",
    "White County": "White",
    "Adair County": "Adair",
    "Black Hawk County": "BlackHawk",
    "Cerro Gordo County": "CerroGordo",
    "Clayton County": "Clayton",
    "Emmet County": "Emmet",
    "Hardin County": "Hardin",
    "Ida County": "Ida",
    "Johnson County": "Johnson",
    "Linn County": "Linn",
    "Mahaska County": "Mahaska",
    "Monona County": "Monona",
    "Osceola County": "Osceola",
    "Taylor County": "Taylor",
    "Woodbury County": "Woodbury",
    "Anderson County": "Anderson",
    "Cheyenne County": "Cheyenne",
    "Comanche County": "Comanche",
    "Doniphan County": "Doniphan",
    "Ellsworth County": "Ellsworth",
    "Gove County": "Gove",
    "Greenwood County": "Greenwood",
    "Hodgeman County": "Hodgeman",
    "Kearny County": "Kearny",
    "Leavenworth County": "Leavenworth",
    "Mitchell County": "Mitchell",
    "Neosho County": "Neosho",
    "Ottawa County": "Ottawa",
    "Rawlins County": "Rawlins",
    "Rooks County": "Rooks",
    "Sedgwick County": "Sedgwick",
    "Smith County": "Smith",
    "Thomas County": "Thomas",
    "Wichita County": "Wichita",
    "Bell County": "Bell",
    "Bracken County": "Bracken",
    "Caldwell County": "Caldwell",
    "Carter County": "Carter",
    "Elliott County": "Elliott",
    "Franklin County": "Franklin",
    "Graves County": "Graves",
    "Jessamine County": "Jessamine",
    "Nelson County": "Nelson",
    "Letcher County": "Letcher",
    "Lyon County": "Lyon",
    "Meade County": "Meade",
    "Montgomery County": "Montgomery",
    "Ohio County": "Ohio",
    "Perry County": "Perry",
    "Rockcastle County": "Rockcastle",
    "Simpson County": "Simpson",
    "Trimble County": "Trimble",
    "Webster County": "Webster",
    "Acadia Parish": "Acadia",
    "Allen Parish": "Allen",
    "Bienville Parish": "Bienville",
    "Cameron Parish": "Cameron",
    "East Baton Rouge Parish": "EastBatonRouge",
    "Grant Parish": "Grant",
    "Jefferson Davis Parish": "JeffersonDavis",
    "Livingston Parish": "Livingston",
    "Ouachita Parish": "Ouachita",
    "Richland Parish": "Richland",
    "St. James Parish": "SaintJames",
    "St. Tammany Parish": "SaintTammany",
    "Vermilion Parish": "Vermilion",
    "West Carroll Parish": "WestCarroll",
    "Androscoggin County": "Androscoggin",
    "Aroostook County": "Aroostook",
    "Sagadahoc County": "Sagadahoc",
    "Allegany County": "Allegany",
    "Anne Arundel County": "AnneArundel",
    "Cecil County": "Cecil",
    "Harford County": "Harford",
    "Queen Anne's County": "QueenAnne's",
    "Wicomico County": "Wicomico",
    "Barnstable County": "Barnstable",
    "Berkshire County": "Berkshire",
    "Hampden County": "Hampden",
    "Plymouth County": "Plymouth",
    "Alcona County": "Alcona",
    "Alger County": "Alger",
    "Baraga County": "Baraga",
    "Branch County": "Branch",
    "Chippewa County": "Chippewa",
    "Dickinson County": "Dickinson",
    "Gogebic County": "Gogebic",
    "Huron County": "Huron",
    "Isabella County": "Isabella",
    "Keweenaw County": "Keweenaw",
    "Luce County": "Luce",
    "Mason County": "Mason",
    "Oakland County": "Oakland",
    "Oscoda County": "Oscoda",
    "Saginaw County": "Saginaw",
    "Shiawassee County": "Shiawassee",
    "Wexford County": "Wexford",
    "Aitkin County": "Aitkin",
    "Anoka County": "Anoka",
    "Nicollet County": "BlueEarth",
    "Cottonwood County": "Cottonwood",
    "Faribault County": "Faribault",
    "Hennepin County": "Hennepin",
    "Jackson County": "Jackson",
    "Lac qui Parle County": "LacquiParle",
    "McLeod County": "McLeod",
    "Murray County": "Murray",
    "Otter Tail County": "OtterTail",
    "Pope County": "Pope",
    "Rice County": "Rice",
    "Sherburne County": "Sherburne",
    "Swift County": "Swift",
    "Waseca County": "Waseca",
    "Wright County": "Wright",
    "Alcorn County": "Alcorn",
    "Clarke County": "Clarke",
    "DeSoto County": "Desoto",
    "Grenada County": "Grenada",
    "Humphreys County": "Humphreys",
    "Lamar County": "Lamar",
    "Leflore County": "Leflore",
    "Marshall County": "Marshall",
    "Noxubee County": "Noxubee",
    "Pike County": "Pike",
    "Sunflower County": "Sunflower",
    "Tunica County": "Tunica",
    "Yazoo County": "Yazoo",
    "Andrew County": "Andrew",
    "Bates County": "Bates",
    "Christian County": "Christian",
    "Cooper County": "Cooper",
    "DeKalb County": "DeKalb",
    "Gasconade County": "Gasconade",
    "St. Francois County": "Iron",
    "Maries County": "Maries",
    "Mississippi County": "Mississippi",
    "New Madrid County": "NewMadrid",
    "Ozark County": "Ozark",
    "Ralls County": "Ralls",
    "St. Charles County": "SaintCharles",
    "Saline County": "Saline",
    "Shelby County": "Shelby",
    "Texas County": "Texas",
    "Beaverhead County": "Beaverhead",
    "Big Horn County": "BigHorn",
    "Cascade County": "Cascade",
    "Garfield County": "Garfield",
    "Missoula County": "Missoula",
    "Pondera County": "Pondera",
    "Silver Bow County": "SilverBow",
    "Treasure County": "Treasure",
    "Antelope County": "Antelope",
    "Box Butte County": "BoxButte",
    "Dakota County": "Dakota",
    "Dodge County": "Dodge",
    "Frontier County": "Frontier",
    "Gosper County": "Gosper",
    "Harlan County": "Harlan",
    "Howard County": "Howard",
    "Keya Paha County": "KeyaPaha",
    "Morrill County": "Morrill",
    "Pawnee County": "Osage",
    "Merrick County": "Polk",
    "Sarpy County": "Sarpy",
    "Sherman County": "Sherman",
    "Thurston County": "Thurston",
    "Carson City": "CarsonCity",
    "Mineral County": "Mineral",
    "New Hampshire": "NewHampshire",
    "Belknap County": "Belknap",
    "Merrimack County": "Merrimack",
    "New Jersey": "NewJersey",
    "Atlantic County": "Atlantic",
    "Bergen County": "Bergen",
    "Essex County": "Essex",
    "Middlesex County": "Middlesex",
    "Salem County": "Salem",
    "New Mexico": "NewMexico",
    "Bernalillo County": "Bernalillo",
    "De Baca County": "Debaca",
    "Harding County": "Harding",
    "Luna County": "Luna",
    "Rio Arriba County": "RioArriba",
    "Santa Fe County": "SantaFe",
    "New York": "Queens",
    "Albany County": "Albany",
    "Chautauqua County": "Chautauqua",
    "Cortland County": "Cortland",
    "Herkimer County": "Herkimer",
    "New York County": "NewYork",
    "Orange County": "Orange",
    "Saratoga County": "Saratoga",
    "Ulster County": "Ulster",
    "Wyoming County": "Wyoming",
    "North Carolina": "NorthCarolina",
    "Alamance County": "Alamance",
    "Beaufort County": "Beaufort",
    "Caswell County": "Caswell",
    "Clay County": "Clay",
    "Currituck County": "Currituck",
    "Durham County": "Durham",
    "Gates County": "Gates",
    "Halifax County": "Halifax",
    "Hoke County": "Hoke",
    "Jones County": "Jones",
    "Onslow County": "Onslow",
    "Perquimans County": "Perquimans",
    "Richmond County": "Richmond",
    "Sampson County": "Sampson",
    "Swain County": "Swain",
    "Wake County": "Wake",
    "Barnes County": "Barnes",
    "Divide County": "Divide",
    "Golden Valley County": "GoldenValley",
    "Kidder County": "Kidder",
    "Williams County": "Williams",
    "Ransom County": "Ransom",
    "Sheridan County": "Sheridan",
    "Stutsman County": "Stutsman",
    "Wells County": "Wells",
    "Belmont County": "Belmont",
    "Erie County": "Erie",
    "Gallia County": "Gallia",
    "Hancock County": "Hancock",
    "Hocking County": "Hocking",
    "Noble County": "Noble",
    "Ross County": "Ross",
    "Stark County": "Stark",
    "Van Wert County": "VanWert",
    "Alfalfa County": "Alfalfa",
    "Bryan County": "Bryan",
    "Choctaw County": "Choctaw",
    "Cotton County": "Cotton",
    "Dewey County": "Dewey",
    "Hughes County": "Hughes",
    "Kingfisher County": "Kingfisher",
    "McClain County": "McClain",
    "Pontotoc County": "Pontotoc",
    "Seminole County": "Seminole",
    "Tulsa County": "Tulsa",
    "Benton County": "Benton",
    "Crook County": "Crook",
    "Wallowa County": "Wallowa",
    "Allegheny County": "Allegheny",
    "Blair County": "Blair",
    "Cameron County": "Cameron",
    "Clearfield County": "Clearfield",
    "Dauphin County": "Dauphin",
    "Clarion County": "Forest",
    "Indiana County": "Indiana",
    "McKean County": "McKean",
    "Montour County": "Montour",
    "Sullivan County": "Sullivan",
    "York County": "York",
    "Rhode Island": "RhodeIsland",
    "Bristol County": "Bristol",
    "SC": "SouthCarolina",
    "Abbeville County": "Abbeville",
    "Aiken County": "Aiken",
    "Chester County": "Chester",
    "Dillon County": "Dillon",
    "Georgetown County": "Georgetown",
    "Lexington County": "Lexington",
    "Oconee County": "Oconee",
    "Spartanburg County": "Spartanburg",
    "South Dakota": "SouthDakota",
    "Aurora County": "Aurora",
    "Beadle County": "Beadle",
    "Brule County": "Brule",
    "Davison County": "Davison",
    "Edmunds County": "Edmunds",
    "Ziebach County": "Haakon",
    "Lyman County": "Lyman",
    "Perkins County": "Perkins",
    "Spink County": "Spink",
    "Bedford County": "BedfordCity",
    "Campbell County": "Campbell",
    "Crockett County": "Crockett",
    "Dickson County": "Dickson",
    "Gibson County": "Gibson",
    "Hamblen County": "Hamblen",
    "Hawkins County": "Hawkins",
    "Houston County": "Houston",
    "Overton County": "Overton",
    "Rhea County": "Rhea",
    "Sequatchie County": "Sequatchie",
    "Weakley County": "Weakley",
    "Andrews County": "Andrews",
    "Atascosa County": "Atascosa",
    "Baylor County": "Baylor",
    "Borden County": "Borden",
    "Llano County": "Burnet",
    "Camp County": "Camp",
    "Cherokee County": "Cherokee",
    "Coleman County": "Coleman",
    "Pecos County": "Crane",
    "Dallas County": "Dallas",
    "DeWitt County": "Dewitt",
    "Eastland County": "Eastland",
    "Erath County": "Erath",
    "Frio County": "Frio",
    "Glasscock County": "Glasscock",
    "Gregg County": "Gregg",
    "Hamilton County": "Hamilton",
    "Harrison County": "Harrison",
    "Henderson County": "Henderson",
    "Hopkins County": "Hopkins",
    "Hutchinson County": "Hutchinson",
    "Kleberg County": "Kleberg",
    "Lampasas County": "Lampasas",
    "Lubbock County": "Lubbock",
    "McMullen County": "McMullen",
    "Mills County": "Mills",
    "Morris County": "Morris",
    "Nolan County": "Nolan",
    "Palo Pinto County": "PaloPinto",
    "Reagan County": "Reagan",
    "Sabine County": "Sabine",
    "Schleicher County": "Schleicher",
    "Stonewall County": "Stonewall",
    "Williamson County": "Travis",
    "Uvalde County": "Uvalde",
    "Waller County": "Waller",
    "Wheeler County": "Wheeler",
    "Wilson County": "Wilson",
    "Young County": "Young",
    "Beaver County": "Beaver",
    "Box Elder County": "BoxElder",
    "Juab County": "Juab",
    "Addison County": "Addison",
    "Bennington County": "Bennington",
    "Grand Isle County": "GrandIsle",
    "Accomack County": "Accomack",
    "Albemarle County": "Albemarle",
    "Appomattox County": "Appomattox",
    "Buchanan County": "Buchanan",
    "Chesterfield County": "Chesterfield",
    "Craig County": "Craig",
    "Dinwiddie County": "Dinwiddie",
    "Falls Church": "FallsChurch",
    "Frederick County": "Frederick",
    "Goochland County": "Goochland",
    "Highland County": "Highland",
    "King George County": "KingGeorge",
    "Loudoun County": "Loudoun",
    "Prince William County": "PrinceWilliam",
    "Roanoke County": "Roanoke",
    "Spotsylvania County": "Spotsylvania",
    "Sussex County": "Sussex",
    "Wythe County": "Wythe",
    "Asotin County": "Asotin",
    "King County": "King",
    "Pierce County": "Pierce",
    "Spokane County": "Spokane",
    "Whatcom County": "Whatcom",
    "West Virginia": "WestVirginia",
    "Barbour County": "Barbour",
    "Berkeley County": "Berkeley",
    "McDowell County": "McDowell",
    "Pleasants County": "Pleasants",
    "Randolph County": "Randolph",
    "Tucker County": "Tucker",
    "Wetzel County": "Wetzel",
    "Ashland County": "Ashland",
    "Dunn County": "Dunn",
    "La Crosse County": "LaCrosse",
    "Menominee County": "Menominee",
    "Outagamie County": "Outagamie",
    "Portage County": "Portage",
    "Rusk County": "Rusk",
    "Sheboygan County": "Sheboygan",
    "Walworth County": "Walworth",
    "Waushara County": "Waushara",
    "West Aceh Regency": "AcehBarat",
    "Southwest Aceh Regency": "AcehBaratDaya",
    "Aceh Tamiang Regency": "AcehTamiang",
    "Kota Banda Aceh": "BandaAceh",
    "Lhokseumawe City": "Lhokseumawe",
    "Simeulue Regency": "Simeulue",
    "Kabupaten Badung": "Badung",
    "Bangli Regency": "Bangli",
    "Karangasem Regency": "Karangasem",
    "Bangka Belitung Islands": "BangkaBelitung",
    "Bangka Regency": "Bangka",
    "West Bangka Regency": "BangkaBarat",
    "Pangkal Pinang City": "Pangkalpinang",
    "Kota Cilegon": "Cilegon",
    "Kota Serang": "KotaSerang",
    "Kabupaten Tangerang": "Tangerang",
    "Kota Bengkulu": "Bengkulu",
    "South Bengkulu Regency": "BengkuluSelatan",
    "Lebong Regency": "Lebong",
    "Boalemo Regency": "Boalemo",
    "Bone Bolango Regency": "BoneBolango",
    "Pohuwato Regency": "Pohuwato",
    "Jakarta": "JakartaRaya",
    "West Jakarta City": "JakartaBarat",
    "Kota Jakarta Pusat": "JakartaPusat",
    "Batang Hari Regency": "BatangHari",
    "Bungo Regency": "Bungo",
    "Sarolangun Regency": "Sarolangun",
    "West Java": "JawaBarat",
    "Bandung Regency": "Bandung",
    "West Bandung Regency": "BandungBarat",
    "Cianjur Regency": "WadukCirata",
    "Indramayu Regency": "Indramayu",
    "Kota Cirebon": "KotaCirebon",
    "Purwakarta Regency": "Purwakarta",
    "Jawa Tengah": "JawaTengah",
    "Kabupaten Banjarnegara": "Banjarnegara",
    "Kabupaten Banyumas": "Banyumas",
    "Cilacap Regency": "Cilacap",
    "Kabupaten Kebumen": "Kebumen",
    "Kota Semarang": "KotaSemarang",
    "Pekalongan Regency": "Pekalongan",
    "Kota Salatiga": "Salatiga",
    "Kabupaten Tegal": "Tegal",
    "Jawa Timur": "JawaTimur",
    "Kabupaten Bangkalan": "Bangkalan",
    "Banyuwangi Regency": "Banyuwangi",
    "Kabupaten Gresik": "Gresik",
    "Kota Kediri": "KotaKediri",
    "Kota Probolinggo": "KotaProbolinggo",
    "Malang Regency": "Malang",
    "Kabupaten Pamekasan": "Pamekasan",
    "Kabupaten Sidoarjo": "Sidoarjo",
    "Tuban Regency": "Tuban",
    "West Kalimantan": "KalimantanBarat",
    "Bengkayang Regency": "Bengkayang",
    "Kapuas Hulu Regency": "KapuasHulu",
    "Landak Regency": "Landak",
    "Sekadau Regency": "Sekadau",
    "South Kalimantan": "KalimantanSelatan",
    "Balangan Regency": "Balangan",
    "Banjar Regency": "Banjar",
    "Central Hulu Sungai Regency": "HuluSungaiTengah",
    "Tanah Laut Regency": "TanahLaut",
    "Central Kalimantan": "KalimantanTengah",
    "South Barito Regency": "BaritoSelatan",
    "East Barito Regency": "BaritoTimur",
    "West Kotawaringin Regency": "KotawaringinBarat",
    "East Kalimantan": "KalimantanTimur",
    "Balikpapan City": "Balikpapan",
    "Berau Regency": "Berau",
    "Paser Regency": "Paser",
    "North Kalimantan": "KalimantanUtara",
    "Bulungan Regency": "Bulungan",
    "Malinau Regency": "Malinau",
    "Kepulauan Riau": "KepulauanRiau",
    "Kota Batam": "Batam",
    "Bintan Regency": "Bintan",
    "Tanjung Pinang City": "Tanjungpinang",
    "Bandar Lampung City": "BandarLampung",
    "West Pesisir Regency": "LampungBarat",
    "Mesuji Regency": "Mesuji",
    "West Tulang Bawang Regency": "TulangBawangBarat",
    "Kota Ambon": "Ambon",
    "Buru Regency": "Buru",
    "Sotheast Maluku Regency": "MalukuTenggara",
    "North Maluku": "MalukuUtara",
    "West Halmahera Regency": "HalmaheraBarat",
    "South Halmahera Regency": "HalmaheraSelatan",
    "Morotai Island Regency": "PulauMorotai",
    "West Nusa Tenggara": "NusaTenggaraBarat",
    "Bima Regency": "Bima",
    "Dompu Regency": "Dompu",
    "North Lombok Regency": "LombokUtara",
    "East Nusa Tenggara": "NusaTenggaraTimur",
    "Alor Regency": "Alor",
    "Belu Regency": "Belu",
    "Lembata Regency": "Lembata",
    "Ngada Regency": "Ngada",
    "Southwest Sumba Regency": "SumbaBaratDaya",
    "South Papua": "Papua",
    "Asmat Regency": "Asmat",
    "Biak Numfor Regency": "BiakNumfor",
    "Jayapura Regency": "Jayapura",
    "Lanny Jaya Regency": "LannyJaya",
    "Mimika Regency": "Mimika",
    "Puncak Regency": "Puncak",
    "Waropen Regency": "Waropen",
    "West Papua": "PapuaBarat",
    "Fakfak Regency": "Fakfak",
    "Kaimana Regency": "Kaimana",
    "Sorong Regency": "Sorong",
    "Bengkalis Regency": "Bengkalis",
    "Dumai City": "Dumai",
    "Kuantan Singingi Regency": "KuantanSingingi",
    "Siak Regency": "Siak",
    "West Sulawesi": "SulawesiBarat",
    "Polewali Mandar Regency": "Majene",
    "Mamasa Regency": "Mamasa",
    "South Sulawesi": "SulawesiSelatan",
    "Bantaeng Regency": "Bantaeng",
    "Barru Regency": "Barru",
    "Jeneponto Regency": "Jeneponto",
    "Makassar City": "Makassar",
    "Pinrang Regency": "Pinrang",
    "Tana Toraja Regency": "TanaToraja",
    "Central Sulawesi": "SulawesiTengah",
    "Banggai Regency": "Banggai",
    "Banggai Islands Regency": "BanggaiKepulauan",
    "South East Sulawesi": "SulawesiTenggara",
    "Bau-Bau City": "Bau-Bau",
    "Bombana Regency": "Bombana",
    "North Kolaka Regency": "KolakaUtara",
    "Kabupaten Wakatobi": "Wakatobi",
    "North Sulawesi": "SulawesiUtara",
    "Bitung City": "Bitung",
    "Bolaang Mongondow Regency": "BolaangMongondow",
    "Kepulauan Talaud Regency": "KepulauanTalaud",
    "Southeast Minahasa Regency": "MinahasaTenggara",
    "West Sumatra": "SumateraBarat",
    "Agam Regency": "Agam",
    "Kota Bukittinggi": "Bukittinggi",
    "Lima Puluh Kota Regency": "LimaPuluhKota",
    "Pasaman Regency": "Pasaman",
    "Sijunjung Regency": "Sijunjung",
    "South Sumatra": "SumateraSelatan",
    "Banyuasin Regency": "BanyuAsin",
    "Empat Lawang Regency": "EmpatLawang",
    "North Musi Rawas Regency": "MusiRawas",
    "East Ogan Komering Ulu Regency": "OganKomeringUluTimur",
    "North Sumatra": "SumateraUtara",
    "Asahan Regency": "Asahan",
    "Batu Bara Regency": "BatuBara",
    "Karo Regency": "Karo",
    "South Labuhan Batu Regency": "LabuhanbatuSelatan",
    "Nias Regency": "Nias",
    "North Padang Lawas Regency": "PadangLawasUtara",
    "Kabupaten Serdang Bedagai": "SerdangBedagai",
    "North Tapanuli Regency": "TapanuliUtara",
    "Daerah Istimewa Yogyakarta": "Yogyakarta",
    "Kabupaten Bantul": "Bantul",
    "Kabupaten Gunungkidul": "GunungKidul",
    "Amnat Charoen": "AmnatCharoen",
    "Chanuman District": "Chanuman",
    "Hua Taphan District": "HuaTaphan",
    "Amphoe Senangkhanikhom": "Senangkhanikhom",
    "Ang Thong": "AngThong",
    "Mueang Ang Thong District": "MuangAngThong",
    "Wiset Chai Chan District": "WisetChaiChan",
    "Krung Thep Maha Nakhon": "BangkokMetropolis",
    "Bueng Kan": "BuengKan",
    "Mueang Bueng Kan District": "BungKan",
    "Bueng Khong Long District": "BungKhongLong",
    "Si Wilai District": "SiWilai",
    "Buri Ram": "BuriRam",
    "Ban Kruat District": "BanKruat",
    "Ban Mai Chaiyaphot District": "BanMaiChaiPho",
    "Khaen Dong District": "K.DaenKong",
    "Mueang Buri Ram District": "MuangBuriRam",
    "Nong Hong District": "NongHong",
    "Prakhon Chai District": "PrakhonChai",
    "Ban Pho": "BanPho",
    "Amphoe Bang Khla": "BangKhla",
    "Phanom Sarakham District": "PhanomSarakham",
    "Chai Nat": "ChaiNat",
    "Hankha District": "HanKha",
    "Noen Kham District": "K.NoenKham",
    "Sapphaya District": "Sanphaya",
    "Bamnet Narong District": "BamnetNarong",
    "Ban Khwao District": "BanKhwao",
    "Kaset Sombun District": "KasetSombon",
    "Nong Bua Daeng District": "NongBuaDaeng",
    "Khao Khitchakut District": "K.KaoKichakut",
    "Na Yai Am District": "K.NaYaiAm",
    "Amphoe Mueang Chanthaburi": "MuangChanthaburi",
    "Chiang Mai": "ChiangMai",
    "Chai Prakan District": "ChaiPrakarn",
    "Chiang Dao District": "ChiangDao",
    "Hang Dong District": "HangDong",
    "Mae Chaem District": "MaeChaem",
    "Omkoi District": "SopMoei",
    "อำเภอสันทราย": "SanSai",
    "Chiang Rai": "ChiangRai",
    "Chiang Khong District": "ChiangKhong",
    "Tonpheung": "ChiangSaen",
    "Mae Fa Luang District": "MaeFaLuang",
    "Pa Daet District": "PaDaet",
    "Wiang Pa Pao District": "WiangPaPao",
    "Chon Buri": "ChonBuri",
    "Ban Bueng District": "BanBung",
    "Bang Lamung District": "BangLamung",
    "Nong Yai District": "NongYai",
    "Lamae District": "Lamae",
    "Lang Suan District": "LangSuan",
    "Tha Sae District": "ThaSae",
    "Huai Mek District": "HuaiMek",
    "Huai Phueng District": "HuaiPhung",
    "Kamalasai District": "Kamalasai",
    "Na Mon District": "NaMon",
    "Tha Khantho District": "ThaKhantho",
    "Chang Wat Kamphaeng Phet": "KamphaengPhet",
    "Amphoe Bueng Samakkhi": "K.BungSamakki",
    "Kosamphi Nakhon District": "K.KoSamPiNakhon",
    "Mueang Kamphaeng Phet District": "MueangKamphaengPhet",
    "Bo Phloi District": "BoPhloi",
    "Dan Makham Tia District": "DanMakhamTia",
    "Phanom Thuan District": "PhanomThuan",
    "Tha Muang District": "ThaMuang",
    "Khon Kaen": "KhonKaen",
    "Ban Fang District": "BanFang",
    "Ban Phai District": "BanPhai",
    "Non Sila District": "K.NonSila",
    "Mancha Khiri District": "ManchaKhiri",
    "Phon District": "Phon",
    "Si Chomphu District": "SiChomphu",
    "Ao Luek District": "AoLuk",
    "Khao Phanom District": "KhaoPhanom",
    "Nuea Khlong District": "NuaKhlong",
    "Chae Hom District": "ChaeHom",
    "Hang Chat District": "HangChat",
    "Mueang Lampang District": "MuangLampang",
    "Thoen District": "Thoen",
    "Ban Hong District": "BanHong",
    "Ban Thi District": "BanThi",
    "Pa Sang District": "PaSang",
    "Chiang Khan District": "ChiangKhan",
    "Dan Sai District": "DanSai",
    "Na Haeo District": "NaHaeo",
    "Phu Ruea District": "PhuRua",
    "Lopburi": "LopBuri",
    "Ban Mi District": "BanMi",
    "Chai Badan District": "ChaiBadan",
    "Nong Muang District": "NongMuang",
    "Mae Hong Son": "MaeHongSon",
    "Khun Yuam District": "KhunYuam",
    "Mae La Noi District": "MaeLaNoi",
    "Maha Sarakham": "MahaSarakham",
    "Borabue District": "Borabu",
    "Chiang Yuen District": "ChiangYun",
    "Kosum Phisai District": "KosumPhisai",
    "Wapi Pathum District": "WapiPathum",
    "Don Tan District": "DonTan",
    "Dong Luang District": "DongLuang",
    "Wan Yai District": "WanYai",
    "Nakhon Nayok": "NakhonNayok",
    "Ban Na District": "BanNa",
    "Mueang Nakhon Nayok District": "MuangNakhonNayok",
    "Nakhon Pathom": "NakhonPathom",
    "Bang Len District": "BangLen",
    "Don Tum District": "DonTum",
    "Sam Phran District": "SamPhran",
    "Nakhon Phanom": "NakhonPhanom",
    "Ban Phaeng District": "BanPhaeng",
    "Wang Yang District": "K.WangYang",
    "Phon Sawan District": "PhonSawan",
    "That Phanom District": "ThatPhanom",
    "Nakhon Ratchasima": "NakhonRatchasima",
    "Ban Lueam District": "BanLuam",
    "Bua Yai District": "BuaYai",
    "Dan Khun Thot District": "DanKhunThot",
    "Phra Thong Kham District": "K.PhraThongKham",
    "Kham Thale So District": "KhamThalaSo",
    "Non Sung District": "NonSung",
    "Phimai District": "Phimai",
    "Wang Nam Khiao District": "WangNumKhiaw",
    "Nakhon Sawan": "NakhonSawan",
    "Banphot Phisai District": "BanphotPhisai",
    "Chum Saeng District": "Chumsaeng",
    "Lat Yao District": "LatYao",
    "Phayuha Khiri District": "PhayuhaKhiri",
    "Nakhon Si Thammarat": "NakhonSiThammarat",
    "Bang Khan District": "BangKhan",
    "Cha-uat District": "Cha-uat",
    "Amphoe Hua Sai": "HuaSai",
    "Amphoe Mueang Nakhon Si Thammarat": "MuangNakhonSiThammarat",
    "Phrom Khiri District": "Phrommakhiri",
    "Thung Song District": "ThungSong",
    "Ban Luang District": "BanLuang",
    "Bo Kluea District": "BoKlue",
    "Mueang Nan District": "MuangNan",
    "Song Khwae District": "SongKwae",
    "Chang Wat Narathiwat": "Narathiwat",
    "Amphoe Bacho": "Bacho",
    "Cho-airong District": "Cho-I-rong",
    "Si Sakhon District": "SiSakhon",
    "Waeng District": "Waeng",
    "Nong Bua Lam Phu": "NongBuaLamPhu",
    "Mueang Nong Bua Lam Phu District": "MuangNongBuaLamPhu",
    "Na Klang District": "NaKlang",
    "Nong Khai": "NongKhai",
    "Fao Rai District": "K.FaoRai",
    "Pho Tak District": "K.PhoTak",
    "Sangkhom District": "SangKhom",
    "Chang Wat Nonthaburi": "Nonthaburi",
    "Amphoe Bang Bua Thong": "BangBuaThong",
    "Bang Kruai District": "BangKruai",
    "Pathum Thani": "PathumThani",
    "Khlong Luang District": "KhlongLuang",
    "Lam Luk Ka District": "LamLukKa",
    "Thanyaburi District": "Thanyaburi",
    "Kapho District": "KaPho",
    "Khok Pho District": "KhokPho",
    "Nong Chik District": "NongChik",
    "Amphoe Yaring": "Yaring",
    "Phang Nga": "Phangnga",
    "Kapong District": "Kapong",
    "Khura Buri District": "KhuraBuri",
    "Thai Mueang District": "ThaiMuang",
    "Chang Wat Phatthalung": "Phatthalung",
    "Amphoe Bang Kaeo": "BangKaeo",
    "Srinagarindra District": "K.SriNakarin",
    "Pa Bon District": "PaBon",
    "Tamot District": "Tamot",
    "Chiang Kham District": "ChiangKham",
    "Chiang Muan District": "ChiangMuan",
    "Mae Chai District": "MaeChai",
    "Bueng Sam Phan District": "BuangSamPhan",
    "Chon Daen District": "ChonDaen",
    "Nam Nao District": "NamNao",
    "Chang Wat Phetchaburi": "Phetchaburi",
    "Amphoe Ban Laem": "BanLaem",
    "Ban Lat District": "BanLat",
    "Nong Ya Plong District": "NongYaPlong",
    "Bang Mun Nak District": "BangMunNak",
    "Bueng Na Rang District": "K.BungNarang",
    "Pho Thale District": "PhoThale",
    "Wang Sai Phun District": "WangSaiPhun",
    "Bang Krathum District": "BangKrathum",
    "Bang Rakam District": "BangRakam",
    "Phrom Phiram District": "PhromPhiram",
    "Phra Nakhon Si Ayutthaya": "PhraNakhonSiAyutthaya",
    "Ban Phraek District": "BanPhraek",
    "Bang Ban District": "BangBan",
    "Maha Rat District": "MahaRat",
    "Sena District": "Sena",
    "Den Chai District": "DenChai",
    "Long District": "Long",
    "Sung Men District": "SungMen",
    "Kathu District": "Kathu",
    "Amphoe Mueang Phuket": "MuangPhuket",
    "Prachin Buri": "PrachinBuri",
    "Ban Sang District": "BanSang",
    "Kabin Buri District": "KabinBuri",
    "Amphoe Si Maha Phot": "SriMaharPho",
    "Prachuap Khiri Khan": "PrachuapKhiriKhan",
    "Bang Saphan District": "BangSaphan",
    "Bang Saphan Noi District": "BangSaphanNoi",
    "Hua Hin District": "PranBuri",
    "Suk Samran District": "K.SukSamran",
    "Kapoe District": "Kapoe",
    "Kanchanaburi": "Ratchaburi",
    "Tha Maka District": "BanPong",
    "Bang Phae District": "BangPhae",
    "Pak Tho District": "PakTho",
    "Chang Wat Rayong": "Rayong",
    "Amphoe Ban Chang": "BanChang",
    "Ban Khai District": "BanKhai",
    "Pluak Daeng District": "PluakDaeng",
    "Roi Et": "RoiEt",
    "At Samat District": "AtSamat",
    "Changhan District": "Changhan",
    "Kaset Wisai District": "KasetWisai",
    "Phanom Phrai District": "PanomPhrai",
    "Selaphum District": "Selaphum",
    "Sa Kaeo": "SaKaeo",
    "Aranyaprathet District": "Aranyaprathet",
    "Khok Sung District": "K.KokSung",
    "Ta Phraya District": "TaPhraya",
    "Sakon Nakhon": "SakonNakhon",
    "Akat Amnuai District": "AkatAmnuai",
    "Ban Muang District": "BanMuang",
    "Kut Bak District": "KutBak",
    "Phon Na Kaeo District": "PhonNaKaeo",
    "Amphoe Wanon Niwat": "WanonNiwat",
    "Chang Wat Samut Prakan": "SamutPrakan",
    "Amphoe Bang Bo": "BangBo",
    "Amphoe Bang Phli": "BangPlee",
    "Samut Sakhon": "SamutSakhon",
    "Ban Phaeo District": "BanPhaeo",
    "Amphoe Krathum Baen": "KrathumBaen",
    "Samut Songkhram": "SamutSongkhram",
    "Amphawa District": "Amphawa",
    "Bang Khonthi District": "BangKhonTi",
    "Ban Mo District": "BanMo",
    "Chaloem Phra Kiat District": "Chalermphrakiet",
    "Nong Don District": "NongDon",
    "Amphoe Wang Muang": "WangMuang",
    "Manang District": "K.MaNang",
    "Khuan Don District": "KhuanDon",
    "Thung Wa District": "ThungWa",
    "Si Sa Ket": "SiSaKet",
    "Benchalak District": "Benchalak",
    "Bueng Bun District": "BungBun",
    "Kanthararom District": "Kanthararom",
    "Nam Kliang District": "NamKliang",
    "Prang Ku District": "PrangKu",
    "Yang Chum Noi District": "YangChumNoi",
    "Sing Buri": "SingBuri",
    "Bang Rachan District": "BangRachan",
    "อำเภออินทร์บุรี": "InBuri",
    "Bang Klam District": "BangKlam",
    "Chana District": "Chana",
    "Mueang Songkhla District": "MuangSongkhla",
    "Saba Yoi District": "SabaYoi",
    "Thepha District": "Thepha",
    "Ban Dan Lan Hoi District": "BanDanLanHoi",
    "Khiri Mat District": "KhiriMat",
    "Si Samrong District": "SiSamRong",
    "Suphan Buri": "SuphanBuri",
    "Bang Pla Ma District": "BangPlaMa",
    "Dan Chang District": "DanChang",
    "Sam Chuk District": "SamChuk",
    "Surat Thani": "SuratThani",
    "Ban Na Doem District": "BanNaDoem",
    "Amphoe Ban Na San": "BanNaSan",
    "Vibhavadi District": "K.Wipawadi",
    "Ko Samui District": "KoSamui",
    "Tha Chana District": "ThaChana",
    "Buachet District": "BuaChet",
    "Chom Phra District": "ChomPhra",
    "Si Narong District": "K.SriNarong",
    "Rattanaburi District": "RattanaBuri",
    "Tha Tum District": "ThaTum",
    "Ban Tak District": "BanTak",
    "Wang Chao District": "K.WangChao",
    "Sam Ngao District": "SamNgao",
    "Huai Yot District": "HuaiYot",
    "Hat Samran District": "K.HatSamran",
    "Ratsada District": "Rasada",
    "Bo Rai District": "BoRai",
    "Ko Chang District": "K.KoChang",
    "Mueang Trat District": "MuangTrat",
    "Ubon Ratchathani": "UbonRatchathani",
    "Buntharik District": "Buntharik",
    "Det Udom District": "DetUdom",
    "Nam Khun District": "K.NamKhun",
    "Kut Khaopun District": "KutKhaoPun",
    "Phibun Mangsahan District": "PhibunMangsahan",
    "Tan Sum District": "TanSum",
    "Udon Thani": "UdonThani",
    "Ban Dung District": "BanDung",
    "Ban Phue District": "BanPhu",
    "Kut Chap District": "KutChap",
    "Nong Han District": "NongHan",
    "Sang Khom District": "SangKhom",
    "Uthai Thani": "UthaiThani",
    "Ban Rai District": "BanRai",
    "Huai Khot District": "HuaiKhot",
    "Sawang Arom District": "SawangArom",
    "Ban Khok District": "BanKhok",
    "Fak Tha District": "FakTha",
    "Tha Pla District": "ThaPla",
    "Bannang Sata District": "BannangStar",
    "Betong District": "Batong",
    "Than To District": "ThanTo",
    "Mueang Yasothon District": "AmphoeMuangYasothon",
    "Sai Mun District": "AmphoeSaiMun",
    "Maha Chana Chai District": "MahaChanaChai",
    "An Giang": "AnGiang",
    "An Phú": "AnPhú",
    "Thành phố Châu Đốc": "ChâuĐốc",
    "Phú Tân District": "PhúTân",
    "Bà Rịa - Vũng Tàu": "BàRịa-VũngTàu",
    "Thành phố Bà Rịa": "BàRịa",
    "Châu Đức District": "ChâuĐức",
    "Xuyên Mộc District": "XuyênMộc",
    "Bắc Giang": "BắcGiang",
    "Thành phố Bắc Giang": "BắcGiang",
    "Hiệp Hòa": "HiệpHòa",
    "Tân Yên District": "TânYên",
    "Bắc Kạn": "BắcKạn",
    "Ba Bể District": "BaBể",
    "Bac Kan": "BạchThông",
    "Pác Nặm District": "PácNặm",
    "Bac Lieu": "BạcLiêu",
    "Dong Hai": "ĐôngHải",
    "Vĩnh Lợi": "VĩnhLợi",
    "Bắc Ninh": "BắcNinh",
    "Thành phố Bắc Ninh": "BắcNinh",
    "Gia Bình": "GiaBình",
    "Từ Sơn": "TừSơn",
    "Ben Tre": "BếnTre",
    "Ba Tri District": "BaTri",
    "thành phố Bến Tre": "BếnTre",
    "Mỏ Cày Bắc District": "MỏCàyBắc",
    "Binh Dinh": "BìnhĐịnh",
    "An Lão District": "AnLão",
    "An Nhon": "AnNhơn",
    "Quy Nhơn": "QuiNhơn",
    "Bình Dương": "BìnhDương",
    "Bắc Tân Uyên": "BắcTânUyên",
    "Bàu Bàng": "BàuBàng",
    "Thành phố Tân Uyên": "TânUyên",
    "Binh Phuoc": "BìnhPhước",
    "Bình Long": "BìnhLong",
    "Bù Đăng District": "BùĐăng",
    "Đồng Xoài": "ĐồngXoài",
    "Bình Thuận": "BìnhThuận",
    "Bắc Bình District": "BắcBình",
    "Đức Linh District": "ĐứcLinh",
    "Thành phố Phan Thiết": "PhanThiết",
    "Ca Mau": "CàMau",
    "Cà Mau": "CàMau",
    "Cái Nước District": "CáiNước",
    "Thới Bình": "ThớiBình",
    "Cần Thơ": "CầnThơ",
    "Bình Thủy": "BìnhThuỷ",
    "Cái Răng": "CáiRăng",
    "Thới Lai": "ThớiLai",
    "Cao Bang": "CaoBằng",
    "Bảo Lạc District": "BảoLạc",
    "Bảo Lâm District, Cao Bằng": "BảoLâm",
    "Nguyên Bình District": "NguyênBình",
    "Trà Lĩnh District": "TràLĩnh",
    "Đà Nẵng": "ĐàNẵng",
    "Cẩm Lệ": "CẩmLệ",
    "Thanh Khê": "HảiChâu",
    "Hải Châu District": "ThanhKhê",
    "Dak Lak": "ĐắkLắk",
    "Buôn Đôn District": "BuônĐôn",
    "Thành phố Buôn Ma Thuột": "BuônMaThuột",
    "Ea Súp District": "EaSúp",
    "Krông Pắk District": "KrôngPắc",
    "Dak Nong": "ĐắkNông",
    "Cư Jút District": "CưJút",
    "Đăk Glong District": "ĐăkGlong",
    "Krông Nô District": "KrôngNô",
    "Dien Bien": "ĐiệnBiên",
    "Điện Biên District": "ĐiệnBiên",
    "Điện Biên Đông District": "ĐiệnBiênĐông",
    "Nam Po": "NậmPồ",
    "Dong Nai": "ĐồngNai",
    "Bien Hoa": "BiênHòa",
    "Cẩm Mỹ District": "CẩmMỹ",
    "Tân Phú": "TânPhú",
    "Dong Thap": "ĐồngTháp",
    "Cao Lanh": "CaoLãnh",
    "Thành phố Cao Lãnh": "CaoLãnh(Thànhphố)",
    "Lấp Vò District": "LấpVò",
    "Tháp Mười District": "ThápMười",
    "Gia Lai": "GiaLai",
    "An Khê District": "AnKhê",
    "Ayun Pa": "AyunPa",
    "Đắk Đoa District": "ĐăkĐoa",
    "K'Bang District": "KBang",
    "Hà Giang": "HàGiang",
    "Bắc Mê District": "BắcMê",
    "Bắc Quang District": "BắcQuang",
    "Quản Bạ District": "QuảnBạ",
    "Hà Nam": "HàNam",
    "Bình Lục District": "BìnhLục",
    "Duy Tiên": "DuyTiên",
    "Hà Nội": "HàNội",
    "Ba Đình": "BaĐình",
    "Ba Vì": "BaVì",
    "Đông Anh": "ĐôngAnh",
    "Hoài Đức District": "HoàiĐức",
    "Mỹ Đức": "MỹĐức",
    "Soc Son": "SócSơn",
    "Thanh Trì": "ThanhTrì",
    "Ha Tinh": "HàTĩnh",
    "Cẩm Xuyên District": "CẩmXuyên",
    "Can Lộc District": "CanLộc",
    "Hương Sơn": "HươngSơn",
    "Thạch Hà District": "ThạchHà",
    "Hai Duong": "HảiDương",
    "Bình Giang District": "BìnhGiang",
    "Cẩm Giàng District": "CẩmGiàng",
    "Kinh Môn": "KinhMôn",
    "Tứ Kỳ": "TứKỳ",
    "Hai Phong": "HảiPhòng",
    "An Dương": "AnDương",
    "An Lão": "AnLão",
    "Hải An": "HảiAn",
    "Ngô Quyền": "NgôQuyền",
    "Hau Giang": "HậuGiang",
    "Châu Thành": "ChâuThành",
    "Phong Điền": "ChâuThànhA",
    "Vi Thanh": "VịThanh",
    "Thành phố Hồ Chí Minh": "HồChíMinh",
    "Bình Chánh": "BìnhChánh",
    "Bình Tân": "BìnhTân",
    "Hóc Môn": "HócMôn",
    "Quận 11": "Quận11",
    "Quận 5": "Quận5",
    "Tân Bình": "TânBình",
    "Hòa Bình": "HoàBình",
    "Cao Phong": "CaoPhong",
    "Đà Bắc District": "ĐàBắc",
    "Lạc Thủy District": "LạcThủy",
    "Hưng Yên": "HưngYên",
    "Ân Thi": "ÂnThi",
    "Thành phố Hưng Yên": "HưngYên",
    "Tiên Lữ District": "TiênLữ",
    "Khánh Hòa": "KhánhHòa",
    "Cam Lâm District": "CamLâm",
    "Cam Ranh": "CamRanh",
    "Ninh Hòa": "NinhHòa",
    "Kiên Giang": "KiênGiang",
    "An Biên": "AnBiên",
    "An Minh District": "AnMinh",
    "Ha Tien": "HàTiên",
    "Châu Thành District": "ChâuThành",
    "Kon Tum": "KonTum",
    "Đắk Glei District": "ĐắkGlei",
    "Đắk Hà District": "ĐắkHà",
    "Thành phố Kon Tum": "KonTum",
    "Lai Châu": "LaiChâu",
    "Thành phố Lai Châu": "LaiChâu",
    "Mường Tè District": "MườngTè",
    "Tân Uyên District": "TânUyên",
    "Lam Dong": "LâmĐồng",
    "Bảo Lâm District": "BảoLâm",
    "thành phố Bảo Lộc": "BảoLộc",
    "Đam Rông District": "ĐamRông",
    "Lâm Hà": "LâmHà",
    "Lạng Sơn": "LạngSơn",
    "Bắc Sơn District": "BắcSơn",
    "Bình Gia District": "BìnhGia",
    "Thành phố Lạng Sơn": "LạngSơn",
    "Lao Cai": "LàoCai",
    "Bắc Hà District": "BắcHà",
    "Bảo Thắng District": "BảoThắng",
    "Sa Pa": "SaPa",
    "Long An": "LongAn",
    "Bến Lức": "BếnLức",
    "Cần Đước": "CầnĐước",
    "Thị xã Kiến Tường": "KiếnTường",
    "Tân Trụ District": "TânTrụ",
    "Nam Dinh": "NamĐịnh",
    "Giao Thủy District": "GiaoThủy",
    "Hải Hậu District": "HảiHậu",
    "Trực Ninh": "TrựcNinh",
    "Nghe An": "NghệAn",
    "Anh Sơn District": "AnhSơn",
    "Con Cuông District": "ConCuông",
    "Hưng Nguyên District": "HưngNguyên",
    "Quế Phong District": "QuếPhong",
    "Thai Hoa": "TháiHoà",
    "Ninh Bình": "NinhBình",
    "Gia Viễn District": "GiaViễn",
    "Hoa Lư": "HoaLư",
    "Yên Khánh District": "YênKhánh",
    "Ninh Thuận": "NinhThuận",
    "Bác Ái District": "BácÁi",
    "Thuận Bắc District": "NinhHải",
    "Thuan Nam": "ThuậnNam",
    "Phú Thọ": "PhúThọ",
    "Cẩm Khê District": "CẩmKhê",
    "Đoan Hùng District": "ĐoanHùng",
    "Tam Nông District": "TamNông",
    "Thành phố Việt Trì": "ViệtTrì",
    "Phú Yên": "PhúYên",
    "Đông Hòa District": "ĐôngHòa",
    "Đồng Xuân District": "ĐồngXuân",
    "Tây Hòa District": "TâyHoà",
    "Quảng Bình": "QuảngBình",
    "Ba Don": "BaĐồn",
    "Bố Trạch District": "BốTrạch",
    "Dong Hoi": "ThànhPhốĐồngHới",
    "Quảng Nam": "QuảngNam",
    "Bắc Trà My District": "BắcTràMy",
    "Đại Lộc District": "ĐạiLộc",
    "Thành phố Hội An": "HộiAn",
    "Phú Ninh District": "PhúNinh",
    "Thăng Bình District": "ThăngBình",
    "Quang Ngai": "QuảngNgãi",
    "Ba Tơ District": "BaTơ",
    "Bình Sơn District": "BìnhSơn",
    "Nghĩa Hành": "NghĩaHành",
    "Trà Bồng District": "TâyTrà",
    "Quảng Ninh": "QuảngNinh",
    "Ba Chẽ District": "BaChẽ",
    "Bình Liêu District": "BìnhLiêu",
    "Ha Long": "HạLong",
    "Tiên Yên District": "TiênYên",
    "Quảng Trị": "QuảngTrị",
    "Cam Lộ District": "CamLộ",
    "Cồn Cỏ": "CồnCỏ",
    "Hương Hóa": "HướngHóa",
    "Soc Trang": "SócTrăng",
    "Châu Thành District, Sóc Trăng Province": "ChâuThành",
    "Cù Lao Dung": "CùLaoDung",
    "Ngã Năm": "NgãNăm",
    "Son La": "SơnLa",
    "Bắc Yên District": "BắcYên",
    "Mai Sơn District": "MaiSơn",
    "Thành phố Sơn La": "SơnLa",
    "Yên Châu District": "YênChâu",
    "Tây Ninh": "TâyNinh",
    "Bến Cầu District": "BếnCầu",
    "Tân Châu District": "TânChâu",
    "Thai Binh": "TháiBình",
    "Đông Hưng District": "ĐôngHưng",
    "Hưng Hà District": "HưngHà",
    "Tiền Hải District": "TiềnHải",
    "Thai Nguyen": "TháiNguyên",
    "Đại Từ District": "ĐạiTừ",
    "Định Hóa District": "ĐịnhHóa",
    "Thành phố Sông Công": "SôngCông",
    "Thanh Hoa": "ThanhHóa",
    "Bá Thước District": "BáThước",
    "Bim Son": "BỉmSơn",
    "Hoằng Hóa District": "HoằngHóa",
    "Như Thanh District": "NhưThanh",
    "Quảng Xương District": "QuảngXương",
    "Thọ Xuân District": "ThọXuân",
    "Yên Định District": "YênĐịnh",
    "Hue City": "ThừaThiênHuế",
    "A Lưới District": "ALưới",
    "Thành phố Huế": "Huế",
    "Phú Lộc": "PhúLộc",
    "Tiền Giang": "TiềnGiang",
    "Cái Bè": "CáiBè",
    "Thi xa Cai Lay": "CaiLậy",
    "Gò Công Đông District": "GòCôngĐông",
    "Tra Vinh": "TràVinh",
    "Càng Long District": "CàngLong",
    "Cầu Kè": "CầuKè",
    "Tiểu Cần District": "TiểuCần",
    "Tuyên Quang": "TuyênQuang",
    "Chiêm Hóa": "ChiêmHóa",
    "Hàm Yên": "HàmYên",
    "Yên Sơn District": "YênSơn",
    "Vinh Long": "VĩnhLong",
    "Bình Minh": "BìnhMinh",
    "Vĩnh Long": "VĩnhLong",
    "Vĩnh Phúc": "VĩnhPhúc",
    "Bình Xuyên District": "BìnhXuyên",
    "Lập Thạch District": "LậpThạch",
    "Vĩnh Tường": "VĩnhTường",
    "Yên Bái": "YênBái",
    "Lục Yên District": "LụcYên",
    "Mù Cang Chải District": "MùCăngChải",
    "Văn Yên District": "VănYên",
    "Johor Darul Ta'zim": "Johor",
    "Sri Gading": "BatuPahat",
    "Masai": "JohorBaharu",
    "Serdang": "BandarBaharu",
    "Melor": "Bachok",
    "Gua Musang": "GuaMusang",
    "Pasir Mas": "PasirMas",
    "Wilayah Persekutuan Kuala Lumpur": "KualaLumpur",
    "Kuala Lumpur": "KualaLumpur",
    "Labuan Federal Territory": "Labuan",
    "Malacca": "Melaka",
    "Alor Gajah": "AlorGajah",
    "Negeri Sembilan": "NegeriSembilan",
    "Titi": "Jelebu",
    "Bahau": "Jempol",
    "Gemencheh": "Tampin",
    "Karak": "Bentong",
    "Teriang": "Bera",
    "Sungkai": "BatangPadang",
    "Teluk Intan": "HilirPerak",
    "Sungai Siput": "KualaKangsar",
    "Kangar": "Perlis",
    "Penang": "PulauPinang",
    "Balik Pulau": "BaratDaya",
    "Sungai Jawi": "SeberangPeraiSelatan",
    "Pamol": "Beluran",
    "Kota Marudu": "KotaMarudu",
    "Sapulut": "Nabawan",
    "Wallace Bay": "Tawau",
    "Bintangor": "Daro",
    "Kota Samarahan": "Samarahan",
    "Selayang": "Gombak",
    "Hulu Langat": "HuluLangat",
    "Shah Alam": "Petaling",
    "Terengganu": "Trengganu",
    "Jerteh": "Besut",
    "Al-Muktafi Billah Shah": "Dungun",
    "Permaisuri": "Setiu"
  }
}