{
  "Vietnam": {
    "An Giang": [
      "An Phú",
      "Thành phố Châu Đốc",
      "ChâuPhú",
      "ChâuThành",
      "ChợMới",
      "LongXuyên",
      "Phú Tân District",
      "TânChâu",
      "ThoạiSơn",
      "TịnhBiên",
      "TriTôn"
    ],
    "Bà Rịa - Vũng Tàu": [
      "Thành phố Bà Rịa",
      "Châu Đức District",
      "ĐấtĐỏ",
      "LongĐiền",
      "TânThành",
      "VũngTàu",
      "Xuyên Mộc District"
    ],
    "Bắc Giang": [
      "Thành phố Bắc Giang",
      "Hiệp Hòa",
      "LạngGiang",
      "LụcNam",
      "LụcNgạn",
      "SơnĐộng",
      "Tân Yên District",
      "ViệtYên",
      "YênDũng",
      "YênThế"
    ],
    "Bắc Kạn": [
      "Ba Bể District",
      "Bac Kan",
      "ChợĐồn",
      "ChợMới",
      "NaRì",
      "NgânSơn",
      "Pác Nặm District",
      "ThànhPhốBắcKạn"
    ],
    "Bac Lieu": [
      "Bac Lieu",
      "Dong Hai",
      "GiáRai",
      "HoàBình",
      "HồngDân",
      "PhướcLong",
      "Vĩnh Lợi"
    ],
    "Bắc Ninh": [
      "Thành phố Bắc Ninh",
      "Gia Bình",
      "LươngTài",
      "QuếVõ",
      "ThuậnThành",
      "TiênDu",
      "Từ Sơn",
      "YênPhong"
    ],
    "Ben Tre": [
      "Ba Tri District",
      "thành phố Bến Tre",
      "BìnhĐại",
      "ChâuThành",
      "ChợLách",
      "GiồngTrôm",
      "Mỏ Cày Bắc District",
      "MỏCàyNam",
      "ThạnhPhú"
    ],
    "Binh Dinh": [
      "An Lão District",
      "An Nhon",
      "HoàiÂn",
      "HoàiNhơn",
      "PhùCát",
      "PhùMỹ",
      "Quy Nhơn",
      "TâySơn",
      "TuyPhước",
      "VânCanh",
      "VĩnhThạnh"
    ],
    "Bình Dương": [
      "Bắc Tân Uyên",
      "Bàu Bàng",
      "BếnCát",
      "DầuTiếng",
      "DĩAn",
      "PhúGiáo",
      "Thành phố Tân Uyên",
      "ThủDầuMột",
      "ThuậnAn"
    ],
    "Binh Phuoc": [
      "Bình Long",
      "Bù Đăng District",
      "BùĐốp",
      "BùGiaMập",
      "ChơnThành",
      "ĐồngPhú",
      "Đồng Xoài",
      "HớnQuản",
      "LộcNinh",
      "PhúRiềng",
      "PhướcLong"
    ],
    "Bình Thuận": [
      "Bắc Bình District",
      "Đức Linh District",
      "HàmTân",
      "HàmThuậnBắc",
      "HàmThuậnNam",
      "LaGi",
      "Thành phố Phan Thiết",
      "PhúQuí",
      "TánhLinh",
      "TuyPhong"
    ],
    "Ca Mau": [
      "Cà Mau",
      "Cái Nước District",
      "ĐầmDơi",
      "NămCăn",
      "NgọcHiển",
      "PhúTân",
      "Thới Bình",
      "TrầnVănThời",
      "UMinh"
    ],
    "Cần Thơ": [
      "Bình Thủy",
      "Cái Răng",
      "CờĐỏ",
      "NinhKiều",
      "ÔMôn",
      "PhongĐiền",
      "Thới Lai",
      "ThốtNốt",
      "VĩnhThạnh"
    ],
    "Cao Bang": [
      "Bảo Lạc District",
      "Bảo Lâm District, Cao Bằng",
      "CaoBằng",
      "HạLang",
      "HàQuảng",
      "HoàAn",
      "Nguyên Bình District",
      "PhụcHoà",
      "QuảngUyên",
      "ThạchAn",
      "ThôngNông",
      "Trà Lĩnh District",
      "TrùngKhánh"
    ],
    "Đà Nẵng": [
      "Cẩm Lệ",
      "Thanh Khê",
      "HòaVang",
      "LiênChiểu",
      "NgũHànhSơn",
      "SơnTrà",
      "Hải Châu District"
    ],
    "Dak Lak": [
      "Buôn Đôn District",
      "Thành phố Buôn Ma Thuột",
      "CưKuin",
      "CưM'gar",
      "EaH'leo",
      "EaKar",
      "Ea Súp District",
      "KrôngANa",
      "KrôngBông",
      "KrôngBúk",
      "KrôngNăng",
      "Krông Pắk District",
      "Lắk",
      "M'Đrắk",
      "ThịXãBuônHồ"
    ],
    "Dak Nong": [
      "Cư Jút District",
      "Đăk Glong District",
      "ĐắkMil",
      "ĐắkR'Lấp",
      "ĐắkSong",
      "GiaNghĩa",
      "Krông Nô District",
      "TuyĐức"
    ],
    "Dien Bien": [
      "Điện Biên District",
      "Điện Biên Đông District",
      "ĐiệnBiênPhủ",
      "MườngẢng",
      "MườngChà",
      "MườngNhé",
      "Nam Po",
      "ThịXãMườngLay",
      "TủaChùa",
      "TuầnGiáo"
    ],
    "Dong Nai": [
      "Bien Hoa",
      "Cẩm Mỹ District",
      "ĐịnhQuán",
      "LongKhánh",
      "LongThành",
      "NhơnTrạch",
      "Tân Phú",
      "ThốngNhất",
      "TrảngBom",
      "VĩnhCửu",
      "XuânLộc"
    ],
    "Dong Thap": [
      "Cao Lanh",
      "Thành phố Cao Lãnh",
      "ChâuThành",
      "HồngNgự",
      "HồngNgự(Thịxã)",
      "LaiVung",
      "Lấp Vò District",
      "SaĐéc",
      "TamNông",
      "TânHồng",
      "ThanhBình",
      "Tháp Mười District"
    ],
    "Gia Lai": [
      "An Khê District",
      "Ayun Pa",
      "ChưPăh",
      "ChưPrông",
      "ChưPưh",
      "ChưSê",
      "Đắk Đoa District",
      "ĐăkPơ",
      "ĐứcCơ",
      "IaGrai",
      "IaPa",
      "K'Bang District",
      "KôngChro",
      "KrôngPa",
      "MangYang",
      "PhúThiện",
      "Pleiku"
    ],
    "Hà Giang": [
      "Bắc Mê District",
      "Bắc Quang District",
      "ĐồngVăn",
      "HàGiang",
      "HoàngSuPhì",
      "MèoVạc",
      "Quản Bạ District",
      "QuangBình",
      "VịXuyên",
      "XínMần",
      "YênMinh"
    ],
    "Hà Nam": [
      "Bình Lục District",
      "Duy Tiên",
      "KimBảng",
      "LýNhân",
      "PhủLý",
      "ThanhLiêm"
    ],
    "Hà Nội": [
      "Ba Đình",
      "Ba Vì",
      "BắcTừLiêm",
      "CầuGiấy",
      "ChươngMỹ",
      "ĐanPhượng",
      "Đông Anh",
      "ĐốngĐa",
      "GiaLâm",
      "HàĐông",
      "HaiBàTrưng",
      "Hoài Đức District",
      "HoànKiếm",
      "HoàngMai",
      "LongBiên",
      "MêLinh",
      "Mỹ Đức",
      "NamTừLiêm",
      "PhúXuyên",
      "PhúcThọ",
      "QuốcOai",
      "Soc Son",
      "SơnTây",
      "TâyHồ",
      "ThạchThất",
      "ThanhOai",
      "Thanh Trì",
      "ThanhXuân",
      "ThườngTín",
      "ỨngHòa"
    ],
    "Ha Tinh": [
      "Cẩm Xuyên District",
      "Can Lộc District",
      "ĐứcThọ",
      "HàTĩnh",
      "HồngLĩnh",
      "HươngKhê",
      "Hương Sơn",
      "KỳAnh",
      "KỳAnh(Thịxã)",
      "LộcHà",
      "NghiXuân",
      "Thạch Hà District",
      "VũQuang"
    ],
    "Hai Duong": [
      "Bình Giang District",
      "Cẩm Giàng District",
      "ChíLinh",
      "GiaLộc",
      "HảiDương",
      "KimThành",
      "Kinh Môn",
      "NamSách",
      "NinhGiang",
      "ThanhHà",
      "ThanhMiện",
      "Tứ Kỳ"
    ],
    "Hai Phong": [
      "An Dương",
      "An Lão",
      "BạchLongVĩ",
      "CátHải",
      "ĐồSơn",
      "DươngKinh",
      "Hải An",
      "HồngBàng",
      "KiếnAn",
      "KiếnThuỵ",
      "LêChân",
      "Ngô Quyền",
      "ThuỷNguyên",
      "TiênLãng",
      "VĩnhBảo"
    ],
    "Hau Giang": [
      "Châu Thành",
      "Phong Điền",
      "LongMỹ",
      "LongMỹ(Thịxã)",
      "NgãBảy",
      "PhụngHiệp",
      "Vi Thanh",
      "VịThuỷ"
    ],
    "Thành phố Hồ Chí Minh": [
      "Bình Chánh",
      "Bình Tân",
      "BìnhThạnh",
      "CầnGiờ",
      "CủChi",
      "GòVấp",
      "Hóc Môn",
      "NhàBè",
      "PhúNhuận",
      "Quận1",
      "Quận10",
      "Quận 11",
      "Quận12",
      "Quận2",
      "Quận3",
      "Quận4",
      "Quận 5",
      "Quận6",
      "Quận7",
      "Quận8",
      "Quận9",
      "Tân Bình",
      "TânPhú",
      "ThủĐức"
    ],
    "Hòa Bình": [
      "Cao Phong",
      "Đà Bắc District",
      "HòaBình",
      "KimBôi",
      "KỳSơn",
      "LạcSơn",
      "Lạc Thủy District",
      "LươngSơn",
      "MaiChâu",
      "TânLạc",
      "YênThủy"
    ],
    "Hưng Yên": [
      "Ân Thi",
      "Thành phố Hưng Yên",
      "KhoáiChâu",
      "KimĐộng",
      "MỹHào",
      "PhùCừ",
      "Tiên Lữ District",
      "VănGiang",
      "VănLâm",
      "YênMỹ"
    ],
    "Khánh Hòa": [
      "Cam Lâm District",
      "Cam Ranh",
      "DiênKhánh",
      "KhánhSơn",
      "KhánhVĩnh",
      "NhaTrang",
      "Ninh Hòa",
      "VạnNinh"
    ],
    "Kiên Giang": [
      "An Biên",
      "An Minh District",
      "ChâuThành",
      "GiangThành",
      "GiồngRiềng",
      "GòQuao",
      "Ha Tien",
      "HònĐất",
      "KiênHải",
      "KiênLương",
      "PhúQuốc",
      "Châu Thành District",
      "TânHiệp",
      "UMinhThượng",
      "VĩnhThuận"
    ],
    "Kon Tum": [
      "Đắk Glei District",
      "Đắk Hà District",
      "ĐắkTô",
      "IaH'Drai",
      "KonPlông",
      "KonRẫy",
      "Thành phố Kon Tum",
      "NgọcHồi",
      "SaThầy",
      "TuMơRông"
    ],
    "Lai Châu": [
      "Thành phố Lai Châu",
      "Mường Tè District",
      "NậmNhùn",
      "PhongThổ",
      "SìnHồ",
      "TamĐường",
      "Tân Uyên District",
      "ThanUyên"
    ],
    "Lam Dong": [
      "Bảo Lâm District",
      "thành phố Bảo Lộc",
      "CátTiên",
      "ĐạHuoai",
      "ĐàLạt",
      "ĐạTẻh",
      "Đam Rông District",
      "DiLinh",
      "ĐơnDương",
      "ĐứcTrọng",
      "LạcDương",
      "Lâm Hà"
    ],
    "Lạng Sơn": [
      "Bắc Sơn District",
      "Bình Gia District",
      "CaoLộc",
      "ChiLăng",
      "ĐìnhLập",
      "HữuLũng",
      "Thành phố Lạng Sơn",
      "LộcBình",
      "TràngĐịnh",
      "VănLãng",
      "VănQuan"
    ],
    "Lao Cai": [
      "Bắc Hà District",
      "Bảo Thắng District",
      "BảoYên",
      "BátXát",
      "LàoCai",
      "MườngKhương",
      "Sa Pa",
      "SiMaCai",
      "VănBàn"
    ],
    "Long An": [
      "Bến Lức",
      "Cần Đước",
      "CầnGiuộc",
      "ChâuThành",
      "ĐứcHòa",
      "ĐứcHuệ",
      "Thị xã Kiến Tường",
      "MộcHóa",
      "TânAn",
      "TânHưng",
      "TânThạnh",
      "Tân Trụ District",
      "ThạnhHóa",
      "ThủThừa",
      "VĩnhHưng"
    ],
    "Nam Dinh": [
      "Giao Thủy District",
      "Hải Hậu District",
      "MỹLộc",
      "NamĐịnh",
      "NamTrực",
      "NghĩaHưng",
      "Trực Ninh",
      "VụBản",
      "XuânTrường",
      "ÝYên"
    ],
    "Nghe An": [
      "Anh Sơn District",
      "Con Cuông District",
      "CửaLò",
      "DiễnChâu",
      "ĐôLương",
      "HoàngMai",
      "Hưng Nguyên District",
      "KỳSơn",
      "NamĐàn",
      "NghiLộc",
      "NghĩaĐàn",
      "Quế Phong District",
      "QuỳChâu",
      "QuỳHợp",
      "QuỳnhLưu",
      "TânKỳ",
      "Thai Hoa",
      "ThanhChương",
      "TươngDương",
      "Vinh",
      "YênThành"
    ],
    "Ninh Bình": [
      "Gia Viễn District",
      "Hoa Lư",
      "KimSơn",
      "NhoQuan",
      "NinhBình",
      "TamĐiệp",
      "Yên Khánh District",
      "YênMô"
    ],
    "Ninh Thuận": [
      "Bác Ái District",
      "Thuận Bắc District",
      "NinhPhước",
      "NinhSơn",
      "PhanRang-ThápChàm",
      "ThuậnBắc",
      "Thuan Nam"
    ],
    "Phú Thọ": [
      "Cẩm Khê District",
      "Đoan Hùng District",
      "HạHoà",
      "LâmThao",
      "PhùNinh",
      "PhúThọ",
      "Tam Nông District",
      "TânSơn",
      "ThanhBa",
      "ThanhSơn",
      "ThanhThuỷ",
      "Thành phố Việt Trì",
      "YênLập"
    ],
    "Phú Yên": [
      "Đông Hòa District",
      "Đồng Xuân District",
      "PhúHoà",
      "SơnHòa",
      "SôngCầu",
      "SôngHinh",
      "Tây Hòa District",
      "TuyAn",
      "TuyHoà"
    ],
    "Quảng Bình": [
      "Ba Don",
      "Bố Trạch District",
      "LệThủy",
      "MinhHóa",
      "QuảngNinh",
      "QuảngTrạch",
      "Dong Hoi",
      "TuyênHóa"
    ],
    "Quảng Nam": [
      "Bắc Trà My District",
      "Đại Lộc District",
      "ĐiệnBàn",
      "ĐôngGiang",
      "DuyXuyên",
      "HiệpĐức",
      "Thành phố Hội An",
      "NamGiang",
      "NamTràMy",
      "NôngSơn",
      "NúiThành",
      "Phú Ninh District",
      "PhướcSơn",
      "QuếSơn",
      "TamKỳ",
      "TâyGiang",
      "Thăng Bình District",
      "TiênPhước"
    ],
    "Quang Ngai": [
      "Ba Tơ District",
      "Bình Sơn District",
      "ĐứcPhổ",
      "LýSơn",
      "MinhLong",
      "MộĐức",
      "Nghĩa Hành",
      "QuảngNgãi",
      "SơnHà",
      "SơnTây",
      "SơnTịnh",
      "Trà Bồng District",
      "TràBồng",
      "TưNghĩa"
    ],
    "Quảng Ninh": [
      "Ba Chẽ District",
      "Bình Liêu District",
      "CẩmPhả",
      "CôTô",
      "ĐầmHà",
      "ĐôngTriều",
      "Ha Long",
      "HảiHà",
      "HoànhBồ",
      "MóngCái",
      "QuảngYên",
      "Tiên Yên District",
      "UôngBí",
      "VânĐồn"
    ],
    "Quảng Trị": [
      "Cam Lộ District",
      "Cồn Cỏ",
      "ĐaKrông",
      "ĐôngHà",
      "GioLinh",
      "HảiLăng",
      "Hương Hóa",
      "QuảngTrị",
      "TriệuPhong",
      "VĩnhLinh"
    ],
    "Soc Trang": [
      "Châu Thành District, Sóc Trăng Province",
      "Cù Lao Dung",
      "KếSách",
      "LongPhú",
      "MỹTú",
      "MỹXuyên",
      "Ngã Năm",
      "SócTrăng",
      "ThạnhTrị",
      "TrầnĐề",
      "VĩnhChâu"
    ],
    "Son La": [
      "Bắc Yên District",
      "Mai Sơn District",
      "MộcChâu",
      "MườngLa",
      "PhùYên",
      "QuỳnhNhai",
      "Thành phố Sơn La",
      "SôngMã",
      "SốpCộp",
      "ThuậnChâu",
      "VânHồ",
      "Yên Châu District"
    ],
    "Tây Ninh": [
      "Bến Cầu District",
      "Châu Thành District",
      "DươngMinhChâu",
      "GòDầu",
      "HòaThành",
      "TânBiên",
      "Tân Châu District",
      "TâyNinh",
      "TrảngBàng"
    ],
    "Thai Binh": [
      "Đông Hưng District",
      "Hưng Hà District",
      "KiếnXương",
      "QuỳnhPhụ",
      "TháiBình",
      "TháiThụy",
      "Tiền Hải District",
      "VũThư"
    ],
    "Thai Nguyen": [
      "Đại Từ District",
      "Định Hóa District",
      "ĐồngHỷ",
      "PhổYên",
      "PhúBình",
      "PhúLương",
      "Thành phố Sông Công",
      "TháiNguyên",
      "VõNhai"
    ],
    "Thanh Hoa": [
      "Bá Thước District",
      "Bim Son",
      "CẩmThủy",
      "ĐôngSơn",
      "HàTrung",
      "HậuLộc",
      "Hoằng Hóa District",
      "LangChánh",
      "MườngLát",
      "NgaSơn",
      "NgọcLặc",
      "Như Thanh District",
      "NhưXuân",
      "NôngCống",
      "QuanHóa",
      "QuanSơn",
      "Quảng Xương District",
      "SầmSơn",
      "ThạchThành",
      "ThanhHóa",
      "ThiệuHóa",
      "Thọ Xuân District",
      "ThườngXuân",
      "TĩnhGia",
      "TriệuSơn",
      "VĩnhLộc",
      "Yên Định District"
    ],
    "Hue City": [
      "A Lưới District",
      "Thành phố Huế",
      "HươngThủy",
      "HươngTrà",
      "NamĐông",
      "PhongĐiền",
      "Phú Lộc",
      "PhúVang",
      "QuảngĐiền"
    ],
    "Tiền Giang": [
      "Cái Bè",
      "Thi xa Cai Lay",
      "CaiLậy(Thịxã)",
      "ChâuThành",
      "ChợGạo",
      "GòCông",
      "Gò Công Đông District",
      "GòCôngTây",
      "MỹTho",
      "TânPhúĐông",
      "TânPhước"
    ],
    "Tra Vinh": [
      "Càng Long District",
      "Cầu Kè",
      "CầuNgang",
      "ChâuThành",
      "DuyênHải",
      "DuyênHải(Thịxã)",
      "Tiểu Cần District",
      "TràCú",
      "TràVinh"
    ],
    "Tuyên Quang": [
      "Chiêm Hóa",
      "Hàm Yên",
      "LâmBình",
      "NàHang",
      "SơnDương",
      "TuyênQuang",
      "Yên Sơn District"
    ],
    "Vinh Long": [
      "Bình Minh",
      "Bình Tân",
      "LongHồ",
      "MangThít",
      "TamBình",
      "TràÔn",
      "Vĩnh Long",
      "VũngLiêm"
    ],
    "Vĩnh Phúc": [
      "Bình Xuyên District",
      "Lập Thạch District",
      "PhúcYên",
      "SôngLô",
      "TamĐảo",
      "TamDương",
      "Vĩnh Tường",
      "VĩnhYên",
      "YênLạc"
    ],
    "Yên Bái": [
      "Lục Yên District",
      "Mù Cang Chải District",
      "NghĩaLộ",
      "TrạmTấu",
      "TrấnYên",
      "VănChấn",
      "Văn Yên District",
      "YênBái",
      "YênBình"
    ]
  }
}